PR,URL,Title,Content type,Is rendered page,HTTP status code,Organic traffic,Referenced in sitemaps,No. of href inlinks,No. of redirect inlinks,No. of canonical inlinks,No. of hreflang inlinks,No. of pagination inlinks,No. of CSS inlinks,No. of IMG inlinks,No. of JS inlinks
20,https://aliimperiale.com/remote-work-relationships-impact-study-2026.html,Remote Work Impact on Relationships Study 2026 | Ali Imperiale,text/html; charset=utf-8,false,200,0,https://aliimperiale.com/sitemap.xml,0,0,0,0,0,0,0,0
20,https://aliimperiale.com/period-sexual-wellness-tracker.html,Period & Sexual Wellness Tracker | Ali Imperiale,text/html; charset=utf-8,false,200,0,https://aliimperiale.com/sitemap.xml,0,0,0,0,0,0,0,0
20,https://aliimperiale.com/sexual-fantasy-exploration-guide.html,Sexual Fantasy Exploration Guide & Quiz — Ali Imperiale,text/html; charset=utf-8,false,200,0,https://aliimperiale.com/sitemap.xml,0,0,0,0,0,0,0,0
20,https://aliimperiale.com/sexual-confidence-toolkit.html,Sexual Confidence Building Toolkit — Ali Imperiale,text/html; charset=utf-8,false,200,0,https://aliimperiale.com/sitemap.xml,0,0,0,0,0,0,0,0
20,https://aliimperiale.com/blog/how-to-communicate-sexual-needs.html,How to Communicate Your Sexual Needs Without Feeling Awkward | Ali Imperiale,text/html; charset=utf-8,false,200,0,https://aliimperiale.com/sitemap.xml,0,0,0,0,0,0,0,0
20,https://aliimperiale.com/blog/dating-app-fatigue.html,Dating App Fatigue Is Real — Here's How to Actually Meet Someone | Ali Imperiale,text/html; charset=utf-8,false,200,0,https://aliimperiale.com/sitemap.xml,0,0,0,0,0,0,0,0
20,https://aliimperiale.com/blog/postpartum-sex-guide.html,Sex After Baby: The Honest Guide Nobody Gives You | Ali Imperiale,text/html; charset=utf-8,false,200,0,https://aliimperiale.com/sitemap.xml,0,0,0,0,0,0,0,0
20,https://aliimperiale.com/sex-education-resources-directory.html,Sex Education Resources Directory | Ali Imperiale,text/html; charset=utf-8,false,200,0,https://aliimperiale.com/sitemap.xml,0,0,0,0,0,0,0,0
20,https://aliimperiale.com/sexual-positions-beginners-guide.html,A Complete Guide to Sexual Positions for Beginners | Ali Imperiale,text/html; charset=utf-8,false,200,0,https://aliimperiale.com/sitemap.xml,0,0,0,0,0,0,0,0
20,https://aliimperiale.com/blog/birth-control-options-2026.html,"Every Birth Control Option in 2026, Ranked by Someone Who's Tried Most of Them | Ali Imperiale",text/html; charset=utf-8,false,200,0,https://aliimperiale.com/sitemap.xml,0,0,0,0,0,0,0,0
20,https://aliimperiale.com/blog/how-to-give-a-sensual-massage.html,How to Give a Sensual Massage That Actually Leads Somewhere | Ali Imperiale,text/html; charset=utf-8,false,200,0,https://aliimperiale.com/sitemap.xml,0,0,0,0,0,0,0,0
20,https://aliimperiale.com/first-time-readiness-checklist.html,Interactive First Time Readiness Checklist | Ali Imperiale,text/html; charset=utf-8,false,200,0,https://aliimperiale.com/sitemap.xml,0,0,0,0,0,0,0,0
20,https://aliimperiale.com/anal-play-safety-guide.html,The Complete Guide to Anal Play Safety — Ali Imperiale,text/html; charset=utf-8,false,200,0,https://aliimperiale.com/sitemap.xml,0,0,0,0,0,0,0,0
20,https://aliimperiale.com/sex-toy-buying-guide-2026.html,The Complete Sex Toy Buying Guide 2026 — Ali Imperiale,text/html; charset=utf-8,false,200,0,https://aliimperiale.com/sitemap.xml,0,0,0,0,0,0,0,0
20,https://aliimperiale.com/sexual-communication-style-assessment.html,Interactive Sexual Communication Style Assessment - Ali Imperiale,text/html; charset=utf-8,false,200,0,https://aliimperiale.com/sitemap.xml,0,0,0,0,0,0,0,0
20,https://aliimperiale.com/blog/sex-education-around-the-world.html,Sex Education Around the World | Ali Imperiale,text/html; charset=utf-8,false,200,0,https://aliimperiale.com/sitemap.xml,0,0,0,0,0,0,0,0
20,https://aliimperiale.com/best-sex-positive-books-couples-2026.html,The 30 Best Sex-Positive Books for Couples (2026 Guide) — Ali Imperiale,text/html; charset=utf-8,false,200,0,https://aliimperiale.com/sitemap.xml,0,0,0,0,0,0,0,0
20,https://aliimperiale.com/blog/guide-to-ethical-non-monogamy.html,A Beginner's Guide to Ethical Non-Monogamy | Ali Imperiale,text/html; charset=utf-8,false,200,0,https://aliimperiale.com/sitemap.xml,0,0,0,0,0,0,0,0
20,https://aliimperiale.com/blog/how-to-talk-to-kids-about-sex.html,How to Talk to Your Kids About Sex (Without Dying Inside) | Ali Imperiale,text/html; charset=utf-8,false,200,0,https://aliimperiale.com/sitemap.xml,0,0,0,0,0,0,0,0
20,https://aliimperiale.com/blog/women-and-porn-consumption.html,Women Watch Porn Too — Let's Talk About It | Ali Imperiale,text/html; charset=utf-8,false,200,0,https://aliimperiale.com/sitemap.xml,0,0,0,0,0,0,0,0
20,https://aliimperiale.com/polyamory-guide.html,Polyamory Guide — Ethical Non-Monogamy for Beginners,text/html; charset=utf-8,false,200,0,https://aliimperiale.com/sitemap.xml,0,0,0,0,0,0,0,0
20,https://aliimperiale.com/blog/sexual-bucket-list.html,The Ultimate Sexual Bucket List for Couples | Ali Imperiale,text/html; charset=utf-8,false,200,0,https://aliimperiale.com/sitemap.xml,0,0,0,0,0,0,0,0
20,https://aliimperiale.com/safe-sexting-practices.html,Safe Sexting Practices Guide | Ali Imperiale,text/html; charset=utf-8,false,200,0,https://aliimperiale.com/sitemap.xml,0,0,0,0,0,0,0,0
20,https://aliimperiale.com/relationship-timeline-generator.html,Relationship Timeline Generator Tool | Ali Imperiale,text/html; charset=utf-8,false,200,0,https://aliimperiale.com/sitemap.xml,0,0,0,0,0,0,0,0
20,https://aliimperiale.com/blog/long-distance-relationship-intimacy.html,Keeping Intimacy Alive in a Long-Distance Relationship | Ali Imperiale,text/html; charset=utf-8,false,200,0,https://aliimperiale.com/sitemap.xml,0,0,0,0,0,0,0,0
20,https://aliimperiale.com/sexual-boundaries-communication-scripts.html,Communication Scripts for Sexual Boundaries — Ali Imperiale,text/html; charset=utf-8,false,200,0,https://aliimperiale.com/sitemap.xml,0,0,0,0,0,0,0,0
20,https://aliimperiale.com/consent-scenarios-training-tool.html,Consent Scenarios Training Tool — Ali Imperiale,text/html; charset=utf-8,false,200,0,https://aliimperiale.com/sitemap.xml,0,0,0,0,0,0,0,0
20,https://aliimperiale.com/blog/sexual-anxiety-in-men.html,Sexual Performance Anxiety: What She Actually Thinks When You Can't Get It Up | Ali Imperiale,text/html; charset=utf-8,false,200,0,https://aliimperiale.com/sitemap.xml,0,0,0,0,0,0,0,0
20,https://aliimperiale.com/blog/sexual-compatibility-quiz.html,Are You Sexually Compatible? Here's How to Actually Know | Ali Imperiale,text/html; charset=utf-8,false,200,0,https://aliimperiale.com/sitemap.xml,0,0,0,0,0,0,0,0
20,https://aliimperiale.com/gen-z-sexual-behaviors-study-2026.html,Gen Z Sexual Behaviors and Attitudes 2026: A Comprehensive Study | Ali Imperiale,text/html; charset=utf-8,false,200,0,https://aliimperiale.com/sitemap.xml,0,0,0,0,0,0,0,0
20,https://aliimperiale.com/blog/how-to-be-more-adventurous-in-bed.html,How to Be More Adventurous in Bed (When You're a Total Vanilla) | Ali Imperiale,text/html; charset=utf-8,false,200,0,https://aliimperiale.com/sitemap.xml,0,0,0,0,0,0,0,0
20,https://aliimperiale.com/long-distance-intimacy-guide.html,Comprehensive Long-Distance Intimacy Guide — Ali Imperiale,text/html; charset=utf-8,false,200,0,https://aliimperiale.com/sitemap.xml,0,0,0,0,0,0,0,0
20,https://aliimperiale.com/blog/recovering-from-sexual-trauma.html,Healing Your Relationship with Sex After Trauma | Ali Imperiale,text/html; charset=utf-8,false,200,0,https://aliimperiale.com/sitemap.xml,0,0,0,0,0,0,0,0
20,https://aliimperiale.com/sexual-health-statistics-dashboard.html,Sexual Health Statistics Dashboard — Ali Imperiale,text/html; charset=utf-8,false,200,0,https://aliimperiale.com/sitemap.xml,0,0,0,0,0,0,0,0
20,https://aliimperiale.com/polyamory-open-relationships-guide.html,The Ultimate Polyamory and Open Relationships Handbook — Ali Imperiale,text/html; charset=utf-8,false,200,0,https://aliimperiale.com/sitemap.xml,0,0,0,0,0,0,0,0
20,https://aliimperiale.com/long-distance-relationship-study.html,2026 Long-Distance Relationship Study: Success Rates & Statistics | Ali Imperiale,text/html; charset=utf-8,false,200,0,https://aliimperiale.com/sitemap.xml,0,0,0,0,0,0,0,0
20,https://aliimperiale.com/blog/sex-after-40.html,Sex After 40: It Gets Better (Seriously) | Ali Imperiale,text/html; charset=utf-8,false,200,0,https://aliimperiale.com/sitemap.xml,0,0,0,0,0,0,0,0
20,https://aliimperiale.com/orgasm-gap-study-2026.html,The Orgasm Gap Study 2026: Statistics & Solutions — Ali Imperiale,text/html; charset=utf-8,false,200,0,https://aliimperiale.com/sitemap.xml,0,0,0,0,0,0,0,0
20,https://aliimperiale.com/blog/consent-in-long-term-relationships.html,Why Consent Doesn't Stop After You Say 'I Do' | Ali Imperiale,text/html; charset=utf-8,false,200,0,https://aliimperiale.com/sitemap.xml,0,0,0,0,0,0,0,0
20,https://aliimperiale.com/blog/emotional-cheating-vs-physical.html,Emotional Cheating vs Physical Cheating: Which Is Worse? | Ali Imperiale,text/html; charset=utf-8,false,200,0,https://aliimperiale.com/sitemap.xml,0,0,0,0,0,0,0,0
20,https://aliimperiale.com/blog/how-to-rebuild-sexual-confidence.html,How to Rebuild Your Sexual Confidence After a Breakup | Ali Imperiale,text/html; charset=utf-8,false,200,0,https://aliimperiale.com/sitemap.xml,0,0,0,0,0,0,0,0
20,https://aliimperiale.com/relationship-compatibility-quiz.html,Relationship Compatibility Test & Couples Quiz — Ali Imperiale,text/html; charset=utf-8,false,200,0,https://aliimperiale.com/sitemap.xml,0,0,0,0,0,0,0,0
