PR,URL,Title,Content type,Is rendered page,HTTP status code,Organic traffic,Linked JavaScripts,Linked JavaScripts codes
20,https://aliimperiale.com/sexual-wellness-older-adults-guide.html,Sexual Wellness for Older Adults Guide (50+) | Ali Imperiale,text/html; charset=utf-8,false,200,0,"https://aliimperiale.com/mobile-nav.js
https://aliimperiale.com/scripts/consent.js
https://www.googletagmanager.com/gtag/js?id=G-H3EGWVNDR7","200
404"
20,https://aliimperiale.com/best-lube-brands-2026.html,Best Lube Brands 2026: The Ultimate Lubricant Comparison Guide,text/html; charset=utf-8,false,200,0,"https://aliimperiale.com/consent.js
https://aliimperiale.com/js/back-to-top.js
https://aliimperiale.com/js/email-capture.js
https://aliimperiale.com/js/mobile-nav.js
https://aliimperiale.com/js/newsletter-bar.js
https://www.googletagmanager.com/gtag/js?id=G-23G2Y8PVLR","200
404
404
404
404"
