Link type,Is nofollow,Source URL,Source HTTP status code,Target URL,Target HTTP status code,Anchor,No. of dofollow inlinks to target,No. of nofollow inlinks to target,Is source canonical,Is source noindex,Is target canonical,Is target noindex,Is link internal
Href link,false,https://aliimperiale.com/tools.html,200,https://aliimperiale.com/sexual-energy-tracker.html,200,"Tracker Sexual Energy & Libido Tracker Daily tracker to log energy levels, mood, stress, sleep, exercise, and sexual wellness. Discover your patterns.",1,0,true,false,true,false,true
Href link,false,https://aliimperiale.com/guides.html,200,https://aliimperiale.com/interactive-pleasure-discovery-tool.html,200,"Interactive Guide Interactive Pleasure Discovery Tool A guided exploration to map your unique sexual preferences, understand your desires, and discover what brings you pleasure.",1,0,true,false,true,false,true
Href link,false,https://aliimperiale.com/tools.html,200,https://aliimperiale.com/attachment-style-quiz.html,200,"Quiz Attachment Style Quiz Discover how you navigate intimacy, communicate needs, and handle conflict in relationships.",1,0,true,false,true,false,true
Href link,false,https://aliimperiale.com/tools.html,200,https://aliimperiale.com/cycle-tracker.html,200,"Tracker Cycle Tracker Track your menstrual cycle and understand how it affects mood, energy, and intimacy.",1,0,true,false,true,false,true
Href link,false,https://aliimperiale.com/tools.html,200,https://aliimperiale.com/relationship-energy-matching-tool.html,200,"Interactive Tool Relationship Energy Matching Tool Advanced tool to assess and optimize relationship energy compatibility, communication patterns, and partnership dynamics.",1,0,true,false,true,false,true
Href link,false,https://aliimperiale.com/guides.html,200,https://aliimperiale.com/life-transitions-sexual-wellness.html,200,Guide Sexual Wellness During Life Transitions Navigate changes in sexuality and intimacy during major life transitions and milestones.,1,0,true,false,true,false,true
Href link,false,https://aliimperiale.com/blog/,200,https://aliimperiale.com/blog/my-worst-sex-injury.html,200,"February 2, 2025 My Worst Sex Injury — Always Be Cautious In The Bedroom Sex injuries happen more often than you think. Ali Imperiale shares her worst bedroom injury and practical tips for staying safe while keeping things fun.",1,0,true,false,true,false,true
Href link,false,https://aliimperiale.com/studies.html,200,https://aliimperiale.com/modern-dating-sexual-behavior-trends-study-2026.html,200,"Original Research Modern Dating & Sexual Behavior Trends 2026 A comprehensive study examining how dating apps, social media, and cultural shifts have changed relationships, consent, and modern intimacy.",1,0,true,false,true,false,true
Href link,false,https://aliimperiale.com/lists.html,200,https://aliimperiale.com/best-sex-toys-beginners.html,200,"Best Of Best Sex Toys for Beginners Guide A curated guide to the best beginner-friendly toys, with tips for safe and enjoyable exploration.",1,0,true,false,true,false,true
Href link,false,https://aliimperiale.com/guides.html,200,https://aliimperiale.com/best-online-sexual-education-courses-2026.html,200,"Guide Best Online Sexual Education Courses 2026 Comprehensive review of top online sexual education platforms, courses, and certification programs for personal and professional development.",1,0,true,false,true,false,true
Href link,false,https://aliimperiale.com/lists.html,200,https://aliimperiale.com/top-sexual-wellness-apps-2026.html,200,"Curated List Top Sexual Wellness Apps and Digital Tools 2026 A comprehensive review of the best sexual health technology, from period trackers to AI relationship coaches, including privacy and feature comparisons.",1,0,true,false,true,false,true
Href link,false,https://aliimperiale.com/tools.html,200,https://aliimperiale.com/consent-scripts-generator.html,200,"Generator Consent Communication Scripts Generator Generate personalized scripts for discussing consent, boundaries, and sexual preferences with confidence.",1,0,true,false,true,false,true
Href link,false,https://aliimperiale.com/guides.html,200,https://aliimperiale.com/ultimate-guide-oral-sex-techniques.html,200,"Complete Guide Ultimate Guide to Oral Sex Techniques Comprehensive educational guide covering oral sex techniques, safety, communication, and pleasure enhancement for all genders.",1,0,true,false,true,false,true
Href link,false,https://aliimperiale.com/tools.html,200,https://aliimperiale.com/pleasure-personality-quiz.html,200,Quiz Sexual Pleasure Personality Quiz Discover your unique pleasure profile and learn what types of intimacy and sexual experiences resonate with you most.,1,0,true,false,true,false,true
Href link,false,https://aliimperiale.com/guides.html,200,https://aliimperiale.com/sex-positive-cities-guide.html,200,"Complete Guide Ultimate Guide to Sex-Positive Cities Worldwide Explore the world's most sex-positive cities, cultures, and destinations for open-minded travelers.",1,0,true,false,true,false,true
Href link,false,https://aliimperiale.com/lists.html,200,https://aliimperiale.com/best-sex-positive-podcasts.html,200,"Best Of Best Sex-Positive Podcasts A curated list of the most informative, entertaining, and inclusive podcasts about sex and relationships.",1,0,true,false,true,false,true
Href link,false,https://aliimperiale.com/tools.html,200,https://aliimperiale.com/sti-risk-assessment-calculator.html,200,"Calculator STI Risk Assessment & Prevention Calculator An interactive educational tool to help you understand STI risks, explore prevention methods, and build a testing timeline.",1,0,true,false,true,false,true
Href link,false,https://aliimperiale.com/tools.html,200,https://aliimperiale.com/fertility-family-planning-calculator.html,200,"Calculator Fertility & Family Planning Calculator A comprehensive, judgment-free fertility and family planning tool.",1,0,true,false,true,false,true
Href link,false,https://aliimperiale.com/tools.html,200,https://aliimperiale.com/love-language-quiz.html,200,"Quiz Love Language Quiz Find out how you prefer to give and receive love — words, touch, time, gifts, or acts of service.",1,0,true,false,true,false,true
Href link,false,https://aliimperiale.com/lists.html,200,https://aliimperiale.com/body-positive-influencers-directory.html,200,"Curated List Body Positive Influencers Directory Discover inspiring body-positive creators and advocates across Instagram, TikTok, and YouTube.",1,0,true,false,true,false,true
Href link,false,https://aliimperiale.com/tools.html,200,https://aliimperiale.com/sexual-anatomy-quiz.html,200,"Quiz Vulva & Penis Anatomy Quiz Test your knowledge of sexual anatomy with this interactive, educational quiz. Learn about the vulva, penis, their functions, and common myths vs. facts.",1,0,true,false,true,false,true
Href link,false,https://aliimperiale.com/guides.html,200,https://aliimperiale.com/complete-sexual-anatomy-pleasure-guide.html,200,"Complete Guide Complete Guide to Sexual Anatomy & Pleasure Comprehensive educational resource covering human sexual anatomy, physiology, and pleasure pathways for enhanced understanding.",1,0,true,false,true,false,true
Href link,false,https://aliimperiale.com/guides.html,200,https://aliimperiale.com/sexual-health-after-50-guide.html,200,"Complete Guide Sexual Health After 50 Guide Comprehensive guide to sexual wellness for adults over 50 covering hormonal changes, health considerations, and maintaining intimacy.",1,0,true,false,true,false,true
Href link,false,https://aliimperiale.com/tools.html,200,https://aliimperiale.com/libido-fluctuation-tracker.html,200,Tracker Libido Fluctuation Tracker Track and understand your libido patterns with this comprehensive tool for monitoring sexual desire fluctuations and triggers.,1,0,true,false,true,false,true
Href link,false,https://aliimperiale.com/guides.html,200,https://aliimperiale.com/sexual-anatomy-guide.html,200,"Complete Guide Complete Guide to Sexual Anatomy Comprehensive educational guide covering male and female sexual anatomy, physiology, and understanding your body for better sexual health.",1,0,true,false,true,false,true
Href link,false,https://aliimperiale.com/lists.html,200,https://aliimperiale.com/best-inclusive-sex-education-programs-2026.html,200,"Curated List Best Inclusive Sex Education Programs - Global Directory 2026 A comprehensive directory of the most progressive, inclusive, and evidence-based sex education programs worldwide.",1,0,true,false,true,false,true
Href link,false,https://aliimperiale.com/guides.html,200,https://aliimperiale.com/intimate-communication-scripts.html,200,"Guide Intimate Communication Scripts Practical conversation scripts and templates for discussing desires, boundaries, and needs.",1,0,true,false,true,false,true
Href link,false,https://aliimperiale.com/tools.html,200,https://aliimperiale.com/interactive-sexual-communication-skills-builder.html,200,Interactive Tool Interactive Sexual Communication Skills Builder Build confidence in expressing desires and boundaries through guided practice scenarios and communication frameworks.,1,0,true,false,true,false,true
Href link,false,https://aliimperiale.com/blog/,200,https://aliimperiale.com/blog/my-first-experience-scissoring.html,200,"June 28, 2024 My First Experience Scissoring — Expectations vs Reality What is scissoring actually like? Ali shares her honest first experience, the myths, the reality, and what nobody tells you about this sexual position.",1,0,true,false,true,false,true
Href link,false,https://aliimperiale.com/tools.html,200,https://aliimperiale.com/interactive-sexual-consent-quiz.html,200,"Quiz Interactive Sexual Consent Quiz Educational quiz covering consent scenarios, boundary setting, and communication to enhance understanding and practice.",1,0,true,false,true,false,true
Href link,false,https://aliimperiale.com/tools.html,200,https://aliimperiale.com/dirty-talk-communication-coach.html,200,Coach Dirty Talk Communication Coach Develop confident intimate communication skills with this interactive tool.,1,0,true,false,true,false,true
Href link,false,https://aliimperiale.com/tools.html,200,https://aliimperiale.com/kink-contract-safety-builder.html,200,"Builder Kink Contract & Safety Planner Create comprehensive BDSM contracts with safety protocols, boundaries, and communication guidelines for consensual kink practices.",1,0,true,false,true,false,true
Href link,false,https://aliimperiale.com/tools.html,200,https://aliimperiale.com/birth-control-finder.html,200,Interactive Tool Interactive Birth Control Finder Tool Personalized birth control recommendation tool helping you find the best contraceptive method for your lifestyle and health needs.,1,0,true,false,true,false,true
Href link,false,https://aliimperiale.com/guides.html,200,https://aliimperiale.com/teen-sexual-education-portal.html,200,"Guide Teen Sexual Education Portal Comprehensive sexual education resource for teens covering anatomy, consent, safety, and healthy relationships in an age-appropriate format.",1,0,true,false,true,false,true
Href link,false,https://aliimperiale.com/studies.html,200,https://aliimperiale.com/social-media-body-image-sexual-confidence-study-2026.html,200,Original Research Social Media Body Image & Sexual Confidence Study 2026 Comprehensive analysis of how social media exposure affects body image perception and sexual confidence levels across demographics.,1,0,true,false,true,false,true
Href link,false,https://aliimperiale.com/tools.html,200,https://aliimperiale.com/interactive-sexual-wellness-tracker.html,200,"Tracker Interactive Sexual Wellness Tracker Comprehensive tracker for monitoring sexual health, satisfaction, and wellness patterns with personalized insights.",1,0,true,false,true,false,true
Href link,false,https://aliimperiale.com/lists.html,200,https://aliimperiale.com/best-lube-brands-2026.html,200,"Best Of Comprehensive Lube Brands Guide 2026 Complete guide to the best personal lubricant brands with ingredient analysis, safety ratings, and recommendations for different needs and preferences.",1,0,true,false,true,false,true
Href link,false,https://aliimperiale.com/tools.html,200,https://aliimperiale.com/desire-compatibility-calculator.html,200,Calculator Desire Compatibility Calculator Assess sexual desire compatibility and get personalized recommendations for your relationship.,1,0,true,false,true,false,true
Href link,false,https://aliimperiale.com/studies.html,200,https://aliimperiale.com/sexual-wellness-mental-health-study-2026.html,200,"Original Research Sexual Wellness & Mental Health Connection An original data-driven analysis exploring the profound impact of sexual satisfaction on psychological well-being, depression, and self-esteem.",1,0,true,false,true,false,true
Href link,false,https://aliimperiale.com/guides.html,200,https://aliimperiale.com/sexual-wellness-older-adults-guide.html,200,"Complete Guide Comprehensive Sexual Wellness Guide for Older Adults Evidence-based guide covering sexual health for adults 50+, including hormonal changes, health considerations, and maintaining intimacy.",1,0,true,false,true,false,true
Href link,false,https://aliimperiale.com/tools.html,200,https://aliimperiale.com/pleasure-positions-calculator.html,200,"Calculator Pleasure Positions Calculator Find the best sexual positions for your body type, preferences, and physical considerations with personalized recommendations.",1,0,true,false,true,false,true
Href link,false,https://aliimperiale.com/studies.html,200,https://aliimperiale.com/dating-app-psychology-study.html,200,Original Research Dating App Psychology Study Research into the psychological impact of dating apps on user behavior and relationship outcomes.,1,0,true,false,true,false,true
Href link,false,https://aliimperiale.com/studies.html,200,https://aliimperiale.com/sexual-wellness-supplement-market-analysis-2026.html,200,"Original Research Sexual Wellness Supplement Market Analysis 2026 Comprehensive market analysis examining trends, efficacy, and consumer behavior in the sexual wellness supplement industry.",1,0,true,false,true,false,true
Href link,false,https://aliimperiale.com/studies.html,200,https://aliimperiale.com/remote-work-sexual-wellness-study-2026.html,200,"Original Research Study on Sexual Wellness in the Remote Work Era Data-driven research exploring how remote and hybrid work models have fundamentally altered intimacy, relationship dynamics, solo play, and sexual health.",1,0,true,false,true,false,true
Href link,false,https://aliimperiale.com/tools.html,200,https://aliimperiale.com/sexual-health-symptom-checker.html,200,Interactive Tool Sexual Health Symptom Checker An educational tool to help identify common sexual health symptoms and get guidance on when to seek professional help.,1,0,true,false,true,false,true
Href link,false,https://aliimperiale.com/guides.html,200,https://aliimperiale.com/polyamory-beginners-guide.html,200,"Complete Guide Comprehensive Polyamory Beginners Guide Complete guide to ethical non-monogamy covering communication, boundaries, jealousy management, and building healthy polyamorous relationships.",1,0,true,false,true,false,true
Href link,false,https://aliimperiale.com/tools.html,200,https://aliimperiale.com/fertility-tracking-calculator.html,200,Calculator Fertility Tracking Calculator Advanced fertility and ovulation tracking with detailed insights and predictions.,1,0,true,false,true,false,true
Href link,false,https://aliimperiale.com/tools.html,200,https://aliimperiale.com/pleasure-mapping-tracker.html,200,Tracker Pleasure Mapping Tracker Interactive tool to explore and track your pleasure preferences and discoveries.,1,0,true,false,true,false,true
Href link,false,https://aliimperiale.com/guides.html,200,https://aliimperiale.com/sexual-safety-sti-prevention-guide.html,200,"Guide Sexual Safety & STI Prevention Guide Comprehensive guide to safer sex practices, STI prevention, testing resources, and sexual health maintenance.",1,0,true,false,true,false,true
Href link,false,https://aliimperiale.com/lists.html,200,https://aliimperiale.com/best-sexual-health-apps-2026.html,200,"Best Of Best Sexual Health Apps 2026 My curated, honest reviews of the best digital tools for period tracking, communication, pleasure, and more.",1,0,true,false,true,false,true
Href link,false,https://aliimperiale.com/tools.html,200,https://aliimperiale.com/relationship-health-check.html,200,"Quiz Relationship Health Check Assess the strength of your relationship across communication, trust, intimacy, and more.",1,0,true,false,true,false,true
Href link,false,https://aliimperiale.com/studies.html,200,https://aliimperiale.com/sexual-wellness-trends-2026.html,200,"Original Research Gen Z Sexual Wellness Trends 2026 Data-driven analysis of how Gen Z approaches sexual wellness, relationships, and self-discovery.",1,0,true,false,true,false,true
Href link,false,https://aliimperiale.com/guides.html,200,https://aliimperiale.com/sexual-wellness-aging-guide-50-plus.html,200,"Guide Sexual Wellness & Aging Guide for 50+ Adults Comprehensive guide addressing sexual changes, health considerations, and maintaining intimacy throughout midlife and beyond.",1,0,true,false,true,false,true
Href link,false,https://aliimperiale.com/guides.html,200,https://aliimperiale.com/partner-compatibility-assessment-guide.html,200,"Guide Partner Compatibility Assessment Guide A detailed guide for evaluating compatibility with potential or current partners, exploring sexual, emotional, and lifestyle alignment.",1,0,true,false,true,false,true
Href link,false,https://aliimperiale.com/sexual-boundaries-communication-scripts.html,200,https://aliimperiale.com/consent-communication-builder.html,200,Use the Builder,1,0,true,false,true,false,true
Href link,false,https://aliimperiale.com/studies.html,200,https://aliimperiale.com/social-media-sexual-self-image-study-2026.html,200,"Original Research Social Media Impact on Sexual Self-Image Study 2026 Original research examining how social media platforms influence sexual self-perception, body image, and intimate confidence.",1,0,true,false,true,false,true
Href link,false,https://aliimperiale.com/tools.html,200,https://aliimperiale.com/relationship-values-alignment-calculator.html,200,"Calculator Relationship Values Alignment Calculator Assess how well your core values align with your partner's across life goals, family, career, and relationship priorities.",1,0,true,false,true,false,true
Href link,false,https://aliimperiale.com/blog/,200,https://aliimperiale.com/blog/benefits-of-solo-travelling-without-partner.html,200,"July 31, 2024 The Benefits of Solo Travelling Without Your Partner Why travelling alone — even when you're in a relationship — can strengthen your bond, boost independence, and help you rediscover yourself.",1,0,true,false,true,false,true
Href link,false,https://aliimperiale.com/guides.html,200,https://aliimperiale.com/dirty-talk-communication-guide.html,200,"Complete Guide Complete Guide to Dirty Talk and Sexual Communication Learn how to communicate your desires confidently with scripts, conversation starters, and techniques for bedroom communication.",1,0,true,false,true,false,true
Href link,false,https://aliimperiale.com/guides.html,200,https://aliimperiale.com/long-distance-relationship-intimacy-guide.html,200,Guide Long Distance Relationship Intimacy Guide Maintain emotional and sexual connection across distances with practical strategies for virtual intimacy and relationship communication.,1,0,true,false,true,false,true
Href link,false,https://aliimperiale.com/tools.html,200,https://aliimperiale.com/sexual-trauma-recovery-assessment.html,200,Assessment Sexual Trauma Recovery Assessment Confidential self-assessment to guide your healing journey and identify support resources.,1,0,true,false,true,false,true
Href link,false,https://aliimperiale.com/guides.html,200,https://aliimperiale.com/orgasm-type-discovery-guide.html,200,"Guide Orgasm Type Discovery Guide & Quiz Interactive guide to understanding different types of orgasms, exploring your body's responses, and discovering what works best for you.",1,0,true,false,true,false,true
Href link,false,https://aliimperiale.com/studies.html,200,https://aliimperiale.com/sex-education-quality-study-2026.html,200,Original Research Sex Education Quality Study 2026 Data-driven analysis of sex education effectiveness across different educational systems and methodologies.,1,0,true,false,true,false,true
Href link,false,https://aliimperiale.com/guides.html,200,https://aliimperiale.com/sexual-wellness-products-guide-reviews-2026.html,200,"Guide 2026 Sexual Wellness Products Guide & Reviews Comprehensive reviews and recommendations for sexual wellness products including toys, lubricants, and health accessories.",1,0,true,false,true,false,true
Href link,false,https://aliimperiale.com/lists.html,200,https://aliimperiale.com/top-sex-therapy-apps-platforms-2026.html,200,"Best Of Top Sex Therapy Apps & Digital Platforms 2026 Honest reviews and comparisons of the leading apps for sexual wellness, therapy, and relationship improvement.",1,0,true,false,true,false,true
Href link,false,https://aliimperiale.com/life-transitions-sexual-wellness.html,200,https://aliimperiale.com/sex-toy-recommendation-tool.html,200,Sex Toy Recommendation Tool,1,0,true,false,true,false,true
Href link,false,https://aliimperiale.com/guides.html,200,https://aliimperiale.com/menstrual-health-sex-guide.html,200,"Complete Guide Menstrual Health & Period Sex Guide Complete guide to sexual wellness during menstruation covering myths, safety, comfort tips, and maintaining intimacy during periods.",1,0,true,false,true,false,true
Href link,false,https://aliimperiale.com/tools.html,200,https://aliimperiale.com/sexual-desire-discrepancy-solutions.html,200,"Generator Sexual Desire Discrepancy Solution Generator An interactive tool helping couples navigate mismatched libidos with personalized solutions, communication scripts, and non-judgmental guidance.",1,0,true,false,true,false,true
Href link,false,https://aliimperiale.com/tools.html,200,https://aliimperiale.com/communication-style-quiz.html,200,Quiz Communication Style Quiz Discover your communication style and learn how to connect better with others.,1,0,true,false,true,false,true
Href link,false,https://aliimperiale.com/tools.html,200,https://aliimperiale.com/sexual-recovery-milestone-tracker.html,200,Tracker Sexual Recovery Milestone Tracker Track progress through sexual trauma recovery with milestone goals and healing indicators.,1,0,true,false,true,false,true
Href link,false,https://aliimperiale.com/guides.html,200,https://aliimperiale.com/pleasure-mapping-guide.html,200,Interactive Guide Interactive Pleasure Mapping Guide Explore and understand your body's pleasure responses through guided self-discovery and mapping techniques for enhanced intimacy.,1,0,true,false,true,false,true
Href link,false,https://aliimperiale.com/blog/,200,https://aliimperiale.com/blog/lets-talk-about-feet.html,200,"January 7, 2026 Let's Talk About Feet — The Most Popular Fetish in the World Why is foot attraction so common? What do psychology and science say about it? Let's break down the world's most popular fetish — no judgment, just curiosity.",1,0,true,false,true,false,true
Href link,false,https://aliimperiale.com/tools.html,200,https://aliimperiale.com/interactive-relationship-goals-planner.html,200,"Interactive Tool Interactive Relationship & Sexual Goals Planning Tool Set, prioritize, and track your SMART relationship and sexual wellness goals with personalized action plans and progress tracking.",1,0,true,false,true,false,true
Href link,false,https://aliimperiale.com/guides.html,200,https://aliimperiale.com/sexual-confidence-building-guide.html,200,Guide Sexual Confidence Building Guide Practical strategies to build sexual confidence and overcome anxiety in intimate relationships.,1,0,true,false,true,false,true
Href link,false,https://aliimperiale.com/guides.html,200,https://aliimperiale.com/pregnancy-postpartum-sexual-wellness.html,200,"Guide Pregnancy & Postpartum Sexual Wellness Guide Navigate sexual changes during pregnancy and postpartum with practical advice, communication strategies, and evidence-based insights.",1,0,true,false,true,false,true
Href link,false,https://aliimperiale.com/tools.html,200,https://aliimperiale.com/hormone-cycle-desire-calculator.html,200,"Calculator Hormone Cycle & Desire Correlation Calculator Track how hormonal fluctuations throughout menstrual cycles affect sexual desire, mood, and energy.",1,0,true,false,true,false,true
Href link,false,https://aliimperiale.com/tools.html,200,https://aliimperiale.com/sex-drive-compatibility-analyzer.html,200,"Calculator Sex Drive Compatibility Analyzer Analyze sexual compatibility with your partner by comparing libido levels, preferences, and intimacy needs.",1,0,true,false,true,false,true
Href link,false,https://aliimperiale.com/guides.html,200,https://aliimperiale.com/sexting-safety-privacy-guide.html,200,"Guide Sexting Safety & Digital Privacy Protection Guide Complete guide to safe sexting practices, protecting your digital privacy, and navigating intimate technology use securely.",1,0,true,false,true,false,true
Href link,false,https://aliimperiale.com/studies.html,200,https://aliimperiale.com/digital-age-dating-impact-study-2026.html,200,"Original Research Digital Age Dating Impact Study 2026 Comprehensive analysis of how digital technology, dating apps, and online culture have transformed modern dating and relationship formation.",1,0,true,false,true,false,true
Href link,false,https://aliimperiale.com/tools.html,200,https://aliimperiale.com/relationship-boundaries-generator.html,200,Generator Relationship Boundaries Generator Create personalized boundary statements for healthier relationships and better communication.,1,0,true,false,true,false,true
Href link,false,https://aliimperiale.com/guides.html,200,https://aliimperiale.com/complete-guide-sex-toys-beginners.html,200,"Complete Guide Complete Guide to Sex Toys for Beginners Comprehensive guide covering sex toy selection, safety, materials, care, and beginner-friendly recommendations for enhanced pleasure.",1,0,true,false,true,false,true
Href link,false,https://aliimperiale.com/lists.html,200,https://aliimperiale.com/best-sex-positive-books-2026.html,200,"Curated List Best Sex-Positive Books & Authors 2026 A curated directory of the best sex-positive books and authors covering pleasure, anatomy, relationships, and sexual wellness.",1,0,true,false,true,false,true
Href link,false,https://aliimperiale.com/kink-compatibility-quiz.html,200,https://aliimperiale.com/safe-bdsm-practices-beginners.html,200,Safe BDSM Practices for Beginners,1,0,true,false,true,false,true
Href link,false,https://aliimperiale.com/guides.html,200,https://aliimperiale.com/sexual-aftercare-complete-guide.html,200,Complete Guide Complete Guide to Sexual Aftercare & Recovery Essential guide covering physical and emotional aftercare practices for enhanced intimacy and wellbeing after sexual activity.,1,0,true,false,true,false,true
Href link,false,https://aliimperiale.com/guides.html,200,https://aliimperiale.com/menopause-sexual-wellness-guide.html,200,"Guide Menopause & Sexual Wellness Guide A comprehensive, interactive guide addressing sexual changes during perimenopause and menopause, including vaginal dryness solutions and managing libido.",1,0,true,false,true,false,true
Href link,false,https://aliimperiale.com/tools.html,200,https://aliimperiale.com/orgasm-difficulty-calculator.html,200,Calculator Orgasm Difficulty Calculator Assessment tool to understand factors affecting orgasmic function and discover personalized strategies for sexual satisfaction.,1,0,true,false,true,false,true
Href link,false,https://aliimperiale.com/tools.html,200,https://aliimperiale.com/pregnancy-intimacy-calculator.html,200,"Calculator Pregnancy Intimacy & Sex Calculator An interactive guide for expectant couples to navigate intimacy, sexual safety, and relationship connection throughout pregnancy and postpartum.",1,0,true,false,true,false,true
Href link,false,https://aliimperiale.com/studies.html,200,https://aliimperiale.com/sexual-satisfaction-mental-health-study-2026.html,200,Original Research Sexual Satisfaction and Mental Health Study 2026 Original research examining the bidirectional relationship between sexual satisfaction and mental health outcomes.,1,0,true,false,true,false,true
Href link,false,https://aliimperiale.com/tools.html,200,https://aliimperiale.com/date-night-generator.html,200,"Generator Date Night Generator Stuck in a rut? Get creative, personalized date ideas tailored to your vibe.",1,0,true,false,true,false,true
Href link,false,https://aliimperiale.com/tools.html,200,https://aliimperiale.com/sexual-anxiety-assessment.html,200,Assessment Sexual Anxiety Assessment Tool Comprehensive assessment to identify sources of sexual anxiety and provide personalized coping strategies.,1,0,true,false,true,false,true
Href link,false,https://aliimperiale.com/lists.html,200,https://aliimperiale.com/best-sex-education-resources.html,200,"Best Of Best Sex Education Resources Curated collection of the most reliable, inclusive, and evidence-based sex education resources online.",1,0,true,false,true,false,true
Href link,false,https://aliimperiale.com/studies.html,200,https://aliimperiale.com/sexual-wellness-technology-trends-study-2026.html,200,"Original Research 2026 Sexual Wellness Technology Trends Study A comprehensive, data-driven 2026 study exploring the impact of technology on sexual wellness, including AI sex education, teledildonics, dating app algorithms, and digital consent.",1,0,true,false,true,false,true
Href link,false,https://aliimperiale.com/lists.html,200,https://aliimperiale.com/best-sex-positive-youtube-channels-2026.html,200,"Curated List Top Sex-Positive YouTube Channels for 2026 Curated list of the 15 best sex-positive YouTube channels offering educational content, inclusive perspectives, and empowering discussions about sexuality and relationships.",1,0,true,false,true,false,true
Href link,false,https://aliimperiale.com/tools.html,200,https://aliimperiale.com/sexual-wellness-check.html,200,Quiz Sexual Wellness Assessment Interactive self-assessment tool to evaluate and improve your sexual wellness journey.,1,0,true,false,true,false,true
Href link,false,https://aliimperiale.com/guides.html,200,https://aliimperiale.com/sexual-mindfulness-complete-guide.html,200,"Complete Guide Sexual Mindfulness Complete Guide Learn to be present and mindful during intimate moments with techniques for enhanced pleasure, connection, and awareness.",1,0,true,false,true,false,true
Href link,false,https://aliimperiale.com/tools.html,200,https://aliimperiale.com/jealousy-tracker.html,200,Tracker Jealousy Tracker Log and reflect on jealousy triggers to build self-awareness and better coping strategies.,1,0,true,false,true,false,true
Href link,false,https://aliimperiale.com/lists.html,200,https://aliimperiale.com/top-sex-positive-instagram-accounts-2026.html,200,"Curated List Top Sex-Positive Instagram Accounts of 2026 A curated list of the best sex-positive, educational, and empowering Instagram accounts to follow right now.",1,0,true,false,true,false,true
Href link,false,https://aliimperiale.com/life-transitions-sexual-wellness.html,200,https://aliimperiale.com/lgbtq-sexual-health-guide.html,200,LGBTQ+ Sexual Health Guide,1,0,true,false,true,false,true
Href link,false,https://aliimperiale.com/studies.html,200,https://aliimperiale.com/pleasure-gap-study-2026.html,200,"Original Research Pleasure Gap Study - Research on Orgasm Equality in 2026 Comprehensive research examining the orgasm gap between genders, exploring physiological, psychological, and cultural factors affecting sexual satisfaction.",1,0,true,false,true,false,true
Href link,false,https://aliimperiale.com/tools.html,200,https://aliimperiale.com/arousal-pleasure-tracker.html,200,"Tracker Arousal & Pleasure Tracking Tool Track your arousal patterns, pleasure levels, and discover what enhances your sexual experiences with detailed analytics.",1,0,true,false,true,false,true
Href link,false,https://aliimperiale.com/guides.html,200,https://aliimperiale.com/sexual-wellness-chronic-conditions-disabilities-guide.html,200,Guide Sexual Wellness for Chronic Conditions & Disabilities Inclusive guide to sexual health and intimacy for people with chronic conditions and disabilities with adaptive strategies.,1,0,true,false,true,false,true
Href link,false,https://aliimperiale.com/tools.html,200,https://aliimperiale.com/sexual-health-symptom-decoder.html,200,Interactive Tool Sexual Health Symptom Decoder An educational tool to help you understand common sexual health symptoms and when to seek medical advice.,1,0,true,false,true,false,true
Href link,false,https://aliimperiale.com/guides.html,200,https://aliimperiale.com/coming-out-guide-adults.html,200,Guide Coming Out Guide for Adults A supportive guide for adults navigating the coming-out process at any stage of life.,1,0,true,false,true,false,true
Href link,false,https://aliimperiale.com/studies.html,200,https://aliimperiale.com/dating-app-analysis-2026.html,200,"Original Research Dating App Analysis 2026 A data-driven look at how dating apps are shaping modern relationships, swipe culture, and connection.",1,0,true,false,true,false,true
Href link,false,https://aliimperiale.com/studies.html,200,https://aliimperiale.com/sexual-satisfaction-social-media-study-2026.html,200,"Original Research Sexual Satisfaction & Social Media Usage Study 2026 Original research examining the correlation between social media usage patterns and sexual satisfaction levels, including body image, digital intimacy, and relationship expectations.",1,0,true,false,true,false,true
Href link,false,https://aliimperiale.com/studies.html,200,https://aliimperiale.com/post-pandemic-dating-intimacy-study-2026.html,200,"Original Research Post-Pandemic Dating and Intimacy Behaviors Study 2026 Original research on how COVID-19 fundamentally changed dating patterns, relationship formation, and intimate behaviors.",1,0,true,false,true,false,true
Href link,false,https://aliimperiale.com/guides.html,200,https://aliimperiale.com/erogenous-zone-mapping-guide.html,200,Interactive Guide Interactive Erogenous Zone Mapping Guide Discover and map your body's pleasure points with interactive tools for enhanced sexual awareness and communication.,1,0,true,false,true,false,true
Href link,false,https://aliimperiale.com/guides.html,200,https://aliimperiale.com/sexual-communication-trauma-survivors-guide.html,200,Guide Sexual Communication for Trauma Survivors Guide Compassionate guide to rebuilding sexual communication and intimacy after trauma with healing-centered approaches.,1,0,true,false,true,false,true
Href link,false,https://aliimperiale.com/guides.html,200,https://aliimperiale.com/sexual-health-pregnancy-postpartum-guide.html,200,Guide Sexual Health During Pregnancy & Postpartum Guide Complete guide to maintaining sexual wellness during pregnancy and after birth with safety considerations and intimacy tips.,1,0,true,false,true,false,true
Href link,false,https://aliimperiale.com/studies.html,200,https://aliimperiale.com/sexual-satisfaction-survey-2026.html,200,"Original Research 2026 Sexual Satisfaction Survey Results Comprehensive survey results on sexual satisfaction levels, trends, and factors affecting intimate fulfillment across demographics in 2026.",1,0,true,false,true,false,true
Href link,false,https://aliimperiale.com/studies.html,200,https://aliimperiale.com/workplace-sexual-harassment-prevention-study-2026.html,200,"Original Research Workplace Sexual Harassment Prevention Study A comprehensive analysis of workplace sexual harassment trends, prevention strategies, and organizational responses.",1,0,true,false,true,false,true
Href link,false,https://aliimperiale.com/blog/,200,https://aliimperiale.com/blog/orgasm-at-the-gym.html,200,"November 28, 2024 I Had an Orgasm at the Gym — Yes, It's a Real Thing Exercise-induced orgasms are real, surprisingly common, and nothing to be embarrassed about. Here's what happened, why it happens, and what you should know.",1,0,true,false,true,false,true
Href link,false,https://aliimperiale.com/guides.html,200,https://aliimperiale.com/sexual-education-adults-disabilities.html,200,"Complete Guide Sexual Education for Adults with Disabilities Guide A comprehensive, inclusive, and empowering guide to sexual education, intimacy, and relationships for adults with disabilities.",1,0,true,false,true,false,true
Href link,false,https://aliimperiale.com/tools.html,200,https://aliimperiale.com/sexual-fantasy-exploration-wheel.html,200,"Interactive Tool Sexual Fantasy Exploration Wheel A safe, structured desire discovery tool to explore your sexual imagination, understand boundaries, and find the words to communicate.",1,0,true,false,true,false,true
Href link,false,https://aliimperiale.com/tools.html,200,https://aliimperiale.com/relationship-red-flags.html,200,"Identifier Interactive Relationship Red Flags Identifier An interactive, trauma-informed tool to help recognize unhealthy patterns, boundary violations, and manipulation in relationships.",1,0,true,false,true,false,true
Href link,false,https://aliimperiale.com/tools.html,200,https://aliimperiale.com/sexual-compatibility-calculator.html,200,"Calculator Sexual Compatibility Calculator Assess sexual compatibility with your partner across multiple dimensions including desires, communication, and intimacy styles.",1,0,true,false,true,false,true
Href link,false,https://aliimperiale.com/guides.html,200,https://aliimperiale.com/sexual-communication-guide-introverts.html,200,Guide Sexual Communication Guide for Introverts Tailored strategies and scripts for introverted individuals to communicate sexual needs and desires confidently.,1,0,true,false,true,false,true
Href link,false,https://aliimperiale.com/guides.html,200,https://aliimperiale.com/sexual-positions-accessibility-guide.html,200,"Guide Sexual Positions Accessibility Guide Comprehensive guide to adaptive intimacy for all bodies, including positions for disabilities, chronic conditions, and physical limitations.",1,0,true,false,true,false,true
Href link,false,https://aliimperiale.com/tools.html,200,https://aliimperiale.com/intimacy-goal-planner.html,200,"Builder Intimacy Goal Planner Tool Set and track intimacy goals with your partner, including communication milestones and relationship objectives.",1,0,true,false,true,false,true
Href link,false,https://aliimperiale.com/lists.html,200,https://aliimperiale.com/best-sex-positive-therapists-2026.html,200,"Curated List Best Sex-Positive Therapists and Counselors Directory 2026 A comprehensive, curated directory of certified sex-positive mental health professionals, including LGBTQ+ affirming counselors, polyamory specialists, kink-aware professionals, and more.",1,0,true,false,true,false,true
Href link,false,https://aliimperiale.com/tools.html,200,https://aliimperiale.com/intimacy-recovery-tracker.html,200,"Tracker Intimacy Recovery Tracker A therapeutic tool for healing and rebuilding intimacy after trauma, conflict, or difficult life transitions.",1,0,true,false,true,false,true
Href link,false,https://aliimperiale.com/studies.html,200,https://aliimperiale.com/sexual-wellness-during-pregnancy-study-2026.html,200,"Original Research Sexual Wellness During Pregnancy Study 2026 Original research examining sexual health, intimacy changes, and partner communication during pregnancy and early parenthood.",1,0,true,false,true,false,true
Href link,false,https://aliimperiale.com/guides.html,200,https://aliimperiale.com/healing-sexual-shame-guide.html,200,"Guide Healing Sexual Shame & Guilt Guide Comprehensive guide to understanding, processing, and healing from sexual shame and guilt with practical exercises and therapeutic approaches.",1,0,true,false,true,false,true
Href link,false,https://aliimperiale.com/tools.html,200,https://aliimperiale.com/sexual-style-quiz.html,200,"Quiz Interactive Sexual Style Quiz Discover your unique sexual personality, preferences, and communication style with this comprehensive assessment quiz.",1,0,true,false,true,false,true
Href link,false,https://aliimperiale.com/guides.html,200,https://aliimperiale.com/lgbtq-dating-resources-2026.html,200,"Complete Guide Comprehensive LGBTQ+ Dating Resource Guide Complete guide to LGBTQ+ dating with inclusive apps, safety tips, community resources, and navigating queer relationships in 2026.",1,0,true,false,true,false,true
Href link,false,https://aliimperiale.com/tools.html,200,https://aliimperiale.com/top-sexual-wellness-apps-platforms-2026.html,200,"Interactive List Top 15 Sexual Wellness Apps & Platforms for 2026 Comprehensive guide to the best sexual wellness apps and platforms for education, health tracking, pleasure, and relationship building in 2026.",1,0,true,false,true,false,true
Href link,false,https://aliimperiale.com/studies.html,200,https://aliimperiale.com/sexual-frequency-relationship-satisfaction-study-2026.html,200,Original Research 2026 Sexual Frequency vs Relationship Satisfaction Study Original research exploring the correlation between sexual frequency and relationship satisfaction with demographic analysis and trends.,1,0,true,false,true,false,true
Href link,false,https://aliimperiale.com/studies.html,200,https://aliimperiale.com/digital-detox-intimate-relationships-study-2026.html,200,"Original Research Digital Detox Impact on Intimate Relationships Study 2026 Research analyzing how reducing screen time and digital consumption affects relationship quality, intimacy, and communication.",1,0,true,false,true,false,true
Href link,false,https://aliimperiale.com/studies.html,200,https://aliimperiale.com/dating-app-success-study-2026.html,200,"Original Research 2026 Dating App Success Study A comprehensive analysis of success rates, demographics, cost-effectiveness, and relationship outcomes across major dating platforms.",1,0,true,false,true,false,true
Href link,false,https://aliimperiale.com/lists.html,200,https://aliimperiale.com/best-sexual-wellness-podcasts-couples-2026.html,200,"Best Of Best Sexual Wellness Podcasts for Couples 2026 Top-rated podcasts focusing on intimacy, communication, and sexual wellness specifically for couples and relationships.",1,0,true,false,true,false,true
Href link,false,https://aliimperiale.com/lists.html,200,https://aliimperiale.com/best-sex-therapy-resources-2026.html,200,"Best Of Best Sex Therapy Resources 2026 Comprehensive directory of top sex therapy resources, certified professionals, and treatment options.",1,0,true,false,true,false,true
Href link,false,https://aliimperiale.com/tools.html,200,https://aliimperiale.com/sexual-health-tracker.html,200,"Tracker Interactive Sexual Health Tracker Comprehensive tracking tool for sexual wellness, symptoms, health patterns, and personal care insights.",1,0,true,false,true,false,true
Href link,false,https://aliimperiale.com/tools.html,200,https://aliimperiale.com/compatibility-calculator.html,200,"Calculator Relationship Compatibility Calculator Advanced compatibility assessment tool analyzing relationship dynamics, values, communication styles, and long-term potential.",1,0,true,false,true,false,true
Href link,false,https://aliimperiale.com/tools.html,200,https://aliimperiale.com/sexual-confidence-workout-tool.html,200,"Interactive Tool Sexual Confidence Building Workout Interactive exercises and challenges to build sexual confidence, communication skills, and self-awareness.",1,0,true,false,true,false,true
Href link,false,https://aliimperiale.com/tools.html,200,https://aliimperiale.com/kink-compatibility-quiz.html,200,Quiz Kink Compatibility Quiz Discover your kink compatibility with a partner through this comprehensive assessment.,1,0,true,false,true,false,true
Href link,false,https://aliimperiale.com/studies.html,200,https://aliimperiale.com/post-pandemic-dating-behavior-study-2026.html,200,"Original Research Post-Pandemic Dating Behavior Study 2026 Comprehensive analysis of how COVID-19 permanently altered dating patterns, intimacy approaches, and relationship expectations in the post-pandemic era.",1,0,true,false,true,false,true
Href link,false,https://aliimperiale.com/tools.html,200,https://aliimperiale.com/love-languages-calculator.html,200,Calculator Love Languages Calculator Calculate and understand your love language preferences and compatibility.,1,0,true,false,true,false,true
Href link,false,https://aliimperiale.com/guides.html,200,https://aliimperiale.com/sexual-positions-body-types-guide.html,200,"Complete Guide Sexual Positions Guide for Different Body Types A comprehensive, inclusive guide to sexual positions covering adaptive techniques, mobility considerations, height differences, plus-size modifications, and more.",1,0,true,false,true,false,true
Href link,false,https://aliimperiale.com/guides.html,200,https://aliimperiale.com/sex-toy-safety-material-guide-2026.html,200,"Guide Sex Toy Safety & Material Guide 2026 Complete directory of sex toy materials, safety information, and buying guidelines to make informed choices about intimate products.",1,0,true,false,true,false,true
Href link,false,https://aliimperiale.com/tools.html,200,https://aliimperiale.com/sexual-chemistry-assessment-tool.html,200,Interactive Tool Sexual Chemistry Assessment Tool Comprehensive tool to evaluate sexual chemistry and compatibility with your partner across multiple dimensions.,1,0,true,false,true,false,true
Href link,false,https://aliimperiale.com/tools.html,200,https://aliimperiale.com/fertility-awareness-calculator.html,200,Calculator Fertility Awareness Calculator Estimate your fertile window based on cycle data — for planning or prevention.,1,0,true,false,true,false,true
Href link,false,https://aliimperiale.com/tools.html,200,https://aliimperiale.com/ed-recovery-tracker.html,200,"Tracker Erectile Dysfunction Recovery Tracker Track your erectile dysfunction recovery with this free interactive tool. Monitor lifestyle factors, performance, and identify patterns over time.",1,0,true,false,true,false,true
Href link,false,https://aliimperiale.com/tools.html,200,https://aliimperiale.com/relationship-milestone-tracker.html,200,"Tracker Relationship Milestone Tracker Set, track, and celebrate relationship goals and milestones with your partner.",1,0,true,false,true,false,true
Href link,false,https://aliimperiale.com/guides.html,200,https://aliimperiale.com/male-sexual-health-performance-hub.html,200,"Guide Male Sexual Health & Performance Hub Complete guide to male sexual health, performance concerns, anatomy, and evidence-based strategies for sexual wellness.",1,0,true,false,true,false,true
Href link,false,https://aliimperiale.com/tools.html,200,https://aliimperiale.com/boundaries-quiz.html,200,Quiz Boundaries Quiz & Builder Discover your boundary style and build custom boundary statements for your relationships.,1,0,true,false,true,false,true
Href link,false,https://aliimperiale.com/guides.html,200,https://aliimperiale.com/sexual-wellness-menstruation-guide.html,200,Complete Guide Sexual Wellness During Menstruation Guide Comprehensive guide to maintaining sexual health and intimacy during menstruation with comfort tips and myths debunked.,1,0,true,false,true,false,true
Href link,false,https://aliimperiale.com/studies.html,200,https://aliimperiale.com/sexual-wellness-spending-habits-2026.html,200,"Original Research 2026 Sexual Wellness Spending Habits Study Data-driven analysis of consumer spending patterns in the sexual wellness industry, including product categories, demographics, and market trends.",1,0,true,false,true,false,true
Href link,false,https://aliimperiale.com/studies.html,200,https://aliimperiale.com/global-sexual-attitudes-study-2026.html,200,"Original Research 2026 Global Sexual Attitudes and Behaviors Study A comprehensive research article analyzing worldwide trends in sexual attitudes and behaviors, including cross-cultural analysis, generational differences, and more.",1,0,true,false,true,false,true
Href link,false,https://aliimperiale.com/blog/,200,https://aliimperiale.com/blog/moaning-is-overrated.html,200,"June 26, 2025 Moaning Is Overrated — Here's What You Should Actually Pay Attention To Stop focusing on the sounds and start paying attention to what really indicates pleasure. Here's what to look for during intimacy.",1,0,true,false,true,false,true
