PR,URL,Title,Content type,Is rendered page,HTTP status code,Organic traffic,Depth,No. of inlinks dofollow,No. of inlinks nofollow,No. of href inlinks
20,https://aliimperiale.com/social-media-sexual-self-image-study-2026.html,Study on Social Media Impact on Sexual Self-Image 2026 — Ali Imperiale,text/html; charset=utf-8,false,200,0,0,1,0,1
20,https://aliimperiale.com/sexual-wellness-supplement-market-analysis-2026.html,Sexual Wellness Supplement Market Analysis 2026 | Original Research,text/html; charset=utf-8,false,200,0,0,1,0,1
20,https://aliimperiale.com/pleasure-positions-calculator.html,Sex Positions Calculator & Intimate Guide — Ali Imperiale,text/html; charset=utf-8,false,200,0,0,1,0,1
20,https://aliimperiale.com/birth-control-finder.html,Comprehensive Birth Control Method Finder | Ali Imperiale,text/html; charset=utf-8,false,200,0,0,1,0,1
20,https://aliimperiale.com/love-languages-calculator.html,Love Language Calculator | Ali Imperiale,text/html; charset=utf-8,false,200,0,0,1,0,1
20,https://aliimperiale.com/desire-compatibility-calculator.html,Desire Compatibility Calculator | Ali Imperiale,text/html; charset=utf-8,false,200,0,0,1,0,1
20,https://aliimperiale.com/complete-guide-sex-toys-beginners.html,Complete Guide to Sex Toys for Beginners | Ali Imperiale,text/html; charset=utf-8,false,200,0,0,1,0,1
20,https://aliimperiale.com/blog/my-worst-sex-injury.html,My Worst Sex Injury — Always Be Cautious In The Bedroom | Ali Imperiale,text/html; charset=utf-8,false,200,0,0,1,0,1
20,https://aliimperiale.com/interactive-relationship-goals-planner.html,Interactive Relationship & Sexual Goals Planning Tool | Ali Imperiale,text/html; charset=utf-8,false,200,0,0,1,0,1
20,https://aliimperiale.com/top-sexual-wellness-apps-platforms-2026.html,Top 15 Sexual Wellness Apps & Platforms for 2026 | Ali Imperiale,text/html; charset=utf-8,false,200,0,0,1,0,1
20,https://aliimperiale.com/lgbtq-dating-resources-2026.html,"LGBTQ+ Dating Resources Guide 2026 — Apps, Safety & Community",text/html; charset=utf-8,false,200,0,0,1,0,1
20,https://aliimperiale.com/post-pandemic-dating-intimacy-study-2026.html,Post-Pandemic Dating and Intimacy Behaviors Study 2026 | Ali Imperiale,text/html; charset=utf-8,false,200,0,0,1,0,1
20,https://aliimperiale.com/arousal-pleasure-tracker.html,Arousal and Pleasure Tracking Tool — Ali Imperiale,text/html; charset=utf-8,false,200,0,0,1,0,1
20,https://aliimperiale.com/sexual-compatibility-calculator.html,Sexual Compatibility Calculator — Ali Imperiale,text/html; charset=utf-8,false,200,0,0,1,0,1
20,https://aliimperiale.com/sexual-mindfulness-complete-guide.html,The Complete Guide to Sexual Mindfulness — Ali Imperiale,text/html; charset=utf-8,false,200,0,0,1,0,1
20,https://aliimperiale.com/best-sex-positive-youtube-channels-2026.html,Top 15 Sex-Positive YouTube Channels for Education & Wellness (2026) | Ali Imperiale,text/html; charset=utf-8,false,200,0,0,1,0,1
20,https://aliimperiale.com/consent-communication-builder.html,Consent Communication Builder | Ali Imperiale,text/html; charset=utf-8,false,200,0,0,1,0,1
20,https://aliimperiale.com/sexual-energy-tracker.html,Sexual Energy & Libido Tracker | Ali Imperiale,text/html; charset=utf-8,false,200,0,0,1,0,1
20,https://aliimperiale.com/dating-app-psychology-study.html,The Psychology of Online Dating: A Data-Driven Study | Ali Imperiale,text/html; charset=utf-8,false,200,0,0,1,0,1
20,https://aliimperiale.com/coming-out-guide-adults.html,Coming Out Later in Life: A Comprehensive Guide for Adults | Ali Imperiale,text/html; charset=utf-8,false,200,0,0,1,0,1
20,https://aliimperiale.com/best-online-sexual-education-courses-2026.html,Best Online Sexual Education Courses & Programs (2026 Guide) — Ali Imperiale,text/html; charset=utf-8,false,200,0,0,1,0,1
20,https://aliimperiale.com/consent-scripts-generator.html,Consent Communication Scripts Generator | Ali Imperiale,text/html; charset=utf-8,false,200,0,0,1,0,1
20,https://aliimperiale.com/sexual-confidence-workout-tool.html,Sexual Confidence Building Workout Tool | Ali Imperiale,text/html; charset=utf-8,false,200,0,0,1,0,1
20,https://aliimperiale.com/dirty-talk-communication-coach.html,Dirty Talk Generator & Communication Coach | Ali Imperiale,text/html; charset=utf-8,false,200,0,0,1,0,1
20,https://aliimperiale.com/erogenous-zone-mapping-guide.html,Interactive Erogenous Zone Mapping Guide | Ali Imperiale,text/html; charset=utf-8,false,200,0,0,1,0,1
20,https://aliimperiale.com/best-sexual-wellness-podcasts-couples-2026.html,The Best Sexual Wellness Podcasts for Couples in 2026 | Ali Imperiale,text/html; charset=utf-8,false,200,0,0,1,0,1
20,https://aliimperiale.com/best-sex-toys-beginners.html,Best Sex Toys for Beginners: Complete 2026 Guide | Ali Imperiale,text/html; charset=utf-8,false,200,0,0,1,0,1
20,https://aliimperiale.com/sexual-style-quiz.html,Sexual Style Quiz — Discover Your Unique Sexual Personality Type | Ali Imperiale,text/html; charset=utf-8,false,200,0,0,1,0,1
20,https://aliimperiale.com/hormone-cycle-desire-calculator.html,Hormone Cycle & Desire Correlation Calculator | Ali Imperiale,text/html; charset=utf-8,false,200,0,0,1,0,1
20,https://aliimperiale.com/modern-dating-sexual-behavior-trends-study-2026.html,Modern Dating & Sexual Behavior Trends Study 2026 — Ali Imperiale,text/html; charset=utf-8,false,200,0,0,1,0,1
20,https://aliimperiale.com/safe-bdsm-practices-beginners.html,A Complete Guide to Safe BDSM Practices for Beginners — Ali Imperiale,text/html; charset=utf-8,false,200,0,0,1,0,1
20,https://aliimperiale.com/life-transitions-sexual-wellness.html,Sexual Wellness During Life Transitions — Ali Imperiale,text/html; charset=utf-8,false,200,0,0,1,0,1
20,https://aliimperiale.com/body-positive-influencers-directory.html,The Ultimate Body Positive Influencers Directory | Ali Imperiale,text/html; charset=utf-8,false,200,0,0,1,0,1
20,https://aliimperiale.com/relationship-boundaries-generator.html,Relationship Boundaries Generator | Ali Imperiale,text/html; charset=utf-8,false,200,0,0,1,0,1
20,https://aliimperiale.com/sexual-wellness-older-adults-guide.html,Sexual Wellness for Older Adults Guide (50+) | Ali Imperiale,text/html; charset=utf-8,false,200,0,0,1,0,1
20,https://aliimperiale.com/sexual-chemistry-assessment-tool.html,Advanced Sexual Chemistry Assessment & Enhancement Tool | Ali Imperiale,text/html; charset=utf-8,false,200,0,0,1,0,1
20,https://aliimperiale.com/pleasure-personality-quiz.html,Pleasure Personality Quiz — Discover Your Type,text/html; charset=utf-8,false,200,0,0,1,0,1
20,https://aliimperiale.com/sexual-wellness-mental-health-study-2026.html,Sexual Wellness & Mental Health Connection Study 2026 — Ali Imperiale,text/html; charset=utf-8,false,200,0,0,1,0,1
20,https://aliimperiale.com/ultimate-guide-oral-sex-techniques.html,Ultimate Guide to Oral Sex Techniques | Ali Imperiale,text/html; charset=utf-8,false,200,0,0,1,0,1
20,https://aliimperiale.com/sexual-confidence-building-guide.html,Sexual Confidence Building Guide — Ali Imperiale,text/html; charset=utf-8,false,200,0,0,1,0,1
20,https://aliimperiale.com/kink-compatibility-quiz.html,Kink Compatibility Quiz | Ali Imperiale,text/html; charset=utf-8,false,200,0,0,1,0,1
20,https://aliimperiale.com/relationship-energy-matching-tool.html,Relationship Energy Matching Tool — Ali Imperiale,text/html; charset=utf-8,false,200,0,0,1,0,1
20,https://aliimperiale.com/sexual-wellness-spending-habits-2026.html,Consumer Spending Habits on Sexual Wellness (2026) | Original Research,text/html; charset=utf-8,false,200,0,0,1,0,1
20,https://aliimperiale.com/blog/benefits-of-solo-travelling-without-partner.html,The Benefits of Solo Travelling Without Your Partner | Ali Imperiale,text/html; charset=utf-8,false,200,0,0,1,0,1
20,https://aliimperiale.com/best-sex-therapy-resources-2026.html,Best Sex Therapy and Counseling Resources 2026 | Ali Imperiale,text/html; charset=utf-8,false,200,0,0,1,0,1
20,https://aliimperiale.com/relationship-red-flags.html,Interactive Relationship Red Flags Identifier | Ali Imperiale,text/html; charset=utf-8,false,200,0,0,1,0,1
20,https://aliimperiale.com/menstrual-health-sex-guide.html,Menstrual Health & Period Sex Guide — Ali Imperiale,text/html; charset=utf-8,false,200,0,0,1,0,1
20,https://aliimperiale.com/kink-contract-safety-builder.html,Interactive Kink Contract Builder & Safety Planner — Ali Imperiale,text/html; charset=utf-8,false,200,0,0,1,0,1
20,https://aliimperiale.com/sexual-positions-accessibility-guide.html,Accessible Sex Positions Guide | Adaptive Intimacy | Ali Imperiale,text/html; charset=utf-8,false,200,0,0,1,0,1
20,https://aliimperiale.com/sexual-wellness-technology-trends-study-2026.html,2026 Sexual Wellness Technology Trends Study — Ali Imperiale,text/html; charset=utf-8,false,200,0,0,1,0,1
20,https://aliimperiale.com/best-sexual-health-apps-2026.html,Best Sexual Health Apps and Digital Tools 2026 — Ali Imperiale,text/html; charset=utf-8,false,200,0,0,1,0,1
20,https://aliimperiale.com/sexual-communication-trauma-survivors-guide.html,Compassionate Sexual Communication for Trauma Survivors Guide — Ali Imperiale,text/html; charset=utf-8,false,200,0,0,1,0,1
20,https://aliimperiale.com/best-sex-positive-books-2026.html,Best Sex-Positive Books & Authors 2026 Directory | Ali Imperiale,text/html; charset=utf-8,false,200,0,0,1,0,1
20,https://aliimperiale.com/sexting-safety-privacy-guide.html,Sexting Safety & Digital Intimacy Privacy Guide — Ali Imperiale,text/html; charset=utf-8,false,200,0,0,1,0,1
20,https://aliimperiale.com/sexual-health-tracker.html,"Sexual Health Tracker, Contraception & Reproductive Health Log | Ali Imperiale",text/html; charset=utf-8,false,200,0,0,1,0,1
20,https://aliimperiale.com/date-night-generator.html,Date Night Idea Generator | Ali Imperiale,text/html; charset=utf-8,false,200,0,0,1,0,1
20,https://aliimperiale.com/complete-sexual-anatomy-pleasure-guide.html,The Complete Guide to Sexual Anatomy & Pleasure — Ali Imperiale,text/html; charset=utf-8,false,200,0,0,1,0,1
20,https://aliimperiale.com/sexual-anatomy-quiz.html,Vulva & Penis Anatomy Quiz | Ali Imperiale,text/html; charset=utf-8,false,200,0,0,1,0,1
20,https://aliimperiale.com/teen-sexual-education-portal.html,Teen Sexual Education Portal — Ali Imperiale,text/html; charset=utf-8,false,200,0,0,1,0,1
20,https://aliimperiale.com/blog/orgasm-at-the-gym.html,"I Had an Orgasm at the Gym — Yes, It's a Real Thing | Ali Imperiale",text/html; charset=utf-8,false,200,0,0,1,0,1
20,https://aliimperiale.com/blog/my-first-experience-scissoring.html,My First Experience Scissoring — Expectations vs Reality | Ali Imperiale,text/html; charset=utf-8,false,200,0,0,1,0,1
20,https://aliimperiale.com/sexual-safety-sti-prevention-guide.html,Sexual Safety & STI Prevention Guide | Ali Imperiale,text/html; charset=utf-8,false,200,0,0,1,0,1
20,https://aliimperiale.com/healing-sexual-shame-guide.html,Healing Sexual Shame & Guilt: A Comprehensive Guide — Ali Imperiale,text/html; charset=utf-8,false,200,0,0,1,0,1
20,https://aliimperiale.com/sexual-wellness-aging-guide-50-plus.html,Sexual Wellness & Aging: Intimacy Over 50 — Ali Imperiale,text/html; charset=utf-8,false,200,0,0,1,0,1
20,https://aliimperiale.com/sex-toy-safety-material-guide-2026.html,Complete Guide to Sex Toy Safety & Materials (2026) — Ali Imperiale,text/html; charset=utf-8,false,200,0,0,1,0,1
20,https://aliimperiale.com/best-sex-positive-podcasts.html,15 Best Sex-Positive Podcasts Ranked and Reviewed | Ali Imperiale,text/html; charset=utf-8,false,200,0,0,1,0,1
20,https://aliimperiale.com/sex-positive-cities-guide.html,The Ultimate Guide to Sex-Positive Cities Worldwide | Ali Imperiale,text/html; charset=utf-8,false,200,0,0,1,0,1
20,https://aliimperiale.com/best-sex-positive-therapists-2026.html,Best Sex-Positive Therapists and Counselors Directory 2026 | Ali Imperiale,text/html; charset=utf-8,false,200,0,0,1,0,1
20,https://aliimperiale.com/ed-recovery-tracker.html,Erectile Dysfunction Recovery Tracker — Ali Imperiale,text/html; charset=utf-8,false,200,0,0,1,0,1
20,https://aliimperiale.com/sexual-communication-guide-introverts.html,Complete Guide to Sexual Communication for Introverts | Ali Imperiale,text/html; charset=utf-8,false,200,0,0,1,0,1
20,https://aliimperiale.com/intimacy-recovery-tracker.html,Intimacy & Recovery Tracker — Ali Imperiale,text/html; charset=utf-8,false,200,0,0,1,0,1
20,https://aliimperiale.com/long-distance-relationship-intimacy-guide.html,Long Distance Relationship Intimacy Guide — Ali Imperiale,text/html; charset=utf-8,false,200,0,0,1,0,1
20,https://aliimperiale.com/menopause-sexual-wellness-guide.html,Interactive Menopause & Sexual Wellness Guide | Ali Imperiale,text/html; charset=utf-8,false,200,0,0,1,0,1
20,https://aliimperiale.com/pregnancy-postpartum-sexual-wellness.html,Sexual Wellness During Pregnancy & Postpartum — Ali Imperiale,text/html; charset=utf-8,false,200,0,0,1,0,1
20,https://aliimperiale.com/pregnancy-intimacy-calculator.html,Pregnancy Intimacy & Sex Calculator — Ali Imperiale,text/html; charset=utf-8,false,200,0,0,1,0,1
20,https://aliimperiale.com/intimate-communication-scripts.html,Intimate Communication Scripts — Ready-to-Use Conversation Starters | Ali Imperiale,text/html; charset=utf-8,false,200,0,0,1,0,1
20,https://aliimperiale.com/sex-education-quality-study-2026.html,Sex Education Quality Study 2026: Global Analysis of Sexual Health Literacy — Ali Imperiale,text/html; charset=utf-8,false,200,0,0,1,0,1
20,https://aliimperiale.com/best-inclusive-sex-education-programs-2026.html,Best Inclusive Sex Education Programs 2026 — Ali Imperiale,text/html; charset=utf-8,false,200,0,0,1,0,1
20,https://aliimperiale.com/compatibility-calculator.html,Relationship Compatibility Calculator — Ali Imperiale,text/html; charset=utf-8,false,200,0,0,1,0,1
20,https://aliimperiale.com/interactive-sexual-communication-skills-builder.html,Interactive Sexual Communication Skills Builder — Ali Imperiale,text/html; charset=utf-8,false,200,0,0,1,0,1
20,https://aliimperiale.com/sexual-anxiety-assessment.html,Sexual Anxiety Assessment Tool | Ali Imperiale,text/html; charset=utf-8,false,200,0,0,1,0,1
20,https://aliimperiale.com/love-language-quiz.html,Love Language Quiz | Ali Imperiale,text/html; charset=utf-8,false,200,0,0,1,0,1
20,https://aliimperiale.com/digital-age-dating-impact-study-2026.html,Digital Age Dating Impact Study 2026 | Ali Imperiale,text/html; charset=utf-8,false,200,0,0,1,0,1
20,https://aliimperiale.com/remote-work-sexual-wellness-study-2026.html,Study on Sexual Wellness in the Remote Work Era (2026) — Ali Imperiale,text/html; charset=utf-8,false,200,0,0,1,0,1
20,https://aliimperiale.com/pleasure-mapping-guide.html,Interactive Pleasure Mapping Guide | Ali Imperiale,text/html; charset=utf-8,false,200,0,0,1,0,1
20,https://aliimperiale.com/dating-app-analysis-2026.html,The Modern Dating App Landscape: A 2026 Analysis | Ali Imperiale,text/html; charset=utf-8,false,200,0,0,1,0,1
20,https://aliimperiale.com/sexual-wellness-products-guide-reviews-2026.html,2026 Sexual Wellness Products Guide & Reviews | Ali Imperiale,text/html; charset=utf-8,false,200,0,0,1,0,1
20,https://aliimperiale.com/sexual-wellness-trends-2026.html,Sexual Wellness Trends 2026: What Gen Z is Teaching Us | Ali Imperiale,text/html; charset=utf-8,false,200,0,0,1,0,1
20,https://aliimperiale.com/sexual-health-symptom-decoder.html,Sexual Health Symptom Decoder | Ali Imperiale,text/html; charset=utf-8,false,200,0,0,1,0,1
20,https://aliimperiale.com/sti-risk-assessment-calculator.html,STI Risk Assessment & Prevention Calculator | Ali Imperiale,text/html; charset=utf-8,false,200,0,0,1,0,1
20,https://aliimperiale.com/digital-detox-intimate-relationships-study-2026.html,Digital Detox Impact on Intimate Relationships Study 2026 | Ali Imperiale,text/html; charset=utf-8,false,200,0,0,1,0,1
20,https://aliimperiale.com/top-sex-positive-instagram-accounts-2026.html,Top Sex-Positive Instagram Accounts of 2026 — Ali Imperiale,text/html; charset=utf-8,false,200,0,0,1,0,1
20,https://aliimperiale.com/best-lube-brands-2026.html,Best Lube Brands 2026: The Ultimate Lubricant Comparison Guide,text/html; charset=utf-8,false,200,0,0,1,0,1
20,https://aliimperiale.com/global-sexual-attitudes-study-2026.html,2026 Global Sexual Attitudes and Behaviors Study | Ali Imperiale,text/html; charset=utf-8,false,200,0,0,1,0,1
20,https://aliimperiale.com/lgbtq-sexual-health-guide.html,The LGBTQ+ Sexual Health & Wellness Guide — Ali Imperiale,text/html; charset=utf-8,false,200,0,0,1,0,1
20,https://aliimperiale.com/sexual-wellness-check.html,Sexual Wellness Self-Assessment | Ali Imperiale,text/html; charset=utf-8,false,200,0,0,1,0,1
20,https://aliimperiale.com/sexual-health-symptom-checker.html,"Sexual Health Symptom Checker, STI & Dysfunction Assessment Tool — Ali Imperiale",text/html; charset=utf-8,false,200,0,0,1,0,1
20,https://aliimperiale.com/pleasure-mapping-tracker.html,Pleasure Mapping Tracker | Ali Imperiale,text/html; charset=utf-8,false,200,0,0,1,0,1
20,https://aliimperiale.com/sexual-fantasy-exploration-wheel.html,Sexual Fantasy Exploration Wheel | Ali Imperiale,text/html; charset=utf-8,false,200,0,0,1,0,1
20,https://aliimperiale.com/sexual-anatomy-guide.html,The Complete Guide to Sexual Anatomy for All Bodies — Ali Imperiale,text/html; charset=utf-8,false,200,0,0,1,0,1
20,https://aliimperiale.com/relationship-health-check.html,Relationship Health Check | Ali Imperiale,text/html; charset=utf-8,false,200,0,0,1,0,1
20,https://aliimperiale.com/communication-style-quiz.html,Communication Style Quiz | Ali Imperiale,text/html; charset=utf-8,false,200,0,0,1,0,1
20,https://aliimperiale.com/sexual-education-adults-disabilities.html,Sexual Education for Adults with Disabilities Guide — Ali Imperiale,text/html; charset=utf-8,false,200,0,0,1,0,1
20,https://aliimperiale.com/dirty-talk-communication-guide.html,Complete Guide to Dirty Talk & Sexual Communication — Ali Imperiale,text/html; charset=utf-8,false,200,0,0,1,0,1
20,https://aliimperiale.com/jealousy-tracker.html,Jealousy Journal & Pattern Tracker | Ali Imperiale,text/html; charset=utf-8,false,200,0,0,1,0,1
20,https://aliimperiale.com/partner-compatibility-assessment-guide.html,Partner Compatibility Assessment Guide | Ali Imperiale,text/html; charset=utf-8,false,200,0,0,1,0,1
20,https://aliimperiale.com/blog/lets-talk-about-feet.html,Let's Talk About Feet — The Most Popular Fetish in the World | Ali Imperiale,text/html; charset=utf-8,false,200,0,0,1,0,1
20,https://aliimperiale.com/dating-app-success-study-2026.html,Dating App Success Study 2026 — Ali Imperiale,text/html; charset=utf-8,false,200,0,0,1,0,1
20,https://aliimperiale.com/top-sex-therapy-apps-platforms-2026.html,Top Sex Therapy Apps & Digital Platforms 2026 — Ali Imperiale,text/html; charset=utf-8,false,200,0,0,1,0,1
20,https://aliimperiale.com/polyamory-beginners-guide.html,Polyamory Guide for Beginners — Ethical Non-Monogamy,text/html; charset=utf-8,false,200,0,0,1,0,1
20,https://aliimperiale.com/fertility-awareness-calculator.html,Fertility Awareness Calculator | Ali Imperiale,text/html; charset=utf-8,false,200,0,0,1,0,1
20,https://aliimperiale.com/interactive-pleasure-discovery-tool.html,Interactive Pleasure Discovery Tool | Ali Imperiale,text/html; charset=utf-8,false,200,0,0,1,0,1
20,https://aliimperiale.com/sexual-aftercare-complete-guide.html,The Complete Guide to Sexual Aftercare | Ali Imperiale,text/html; charset=utf-8,false,200,0,0,1,0,1
20,https://aliimperiale.com/sex-toy-recommendation-tool.html,Sex Toy Recommendation Tool & Vibrator Guide | Ali Imperiale,text/html; charset=utf-8,false,200,0,0,1,0,1
20,https://aliimperiale.com/sexual-recovery-milestone-tracker.html,Sexual Recovery Milestone Tracker | Ali Imperiale,text/html; charset=utf-8,false,200,0,0,1,0,1
20,https://aliimperiale.com/sexual-health-after-50-guide.html,The Ultimate Guide to Sexual Health After 50 | Ali Imperiale,text/html; charset=utf-8,false,200,0,0,1,0,1
20,https://aliimperiale.com/attachment-style-quiz.html,Attachment Style Quiz — Ali Imperiale,text/html; charset=utf-8,false,200,0,0,1,0,1
20,https://aliimperiale.com/intimacy-goal-planner.html,Intimacy Goal Planner | Ali Imperiale,text/html; charset=utf-8,false,200,0,0,1,0,1
20,https://aliimperiale.com/sexual-satisfaction-survey-2026.html,Sexual Satisfaction Survey Results 2026 | Ali Imperiale,text/html; charset=utf-8,false,200,0,0,1,0,1
20,https://aliimperiale.com/boundaries-quiz.html,Boundaries Quiz & Builder | Ali Imperiale,text/html; charset=utf-8,false,200,0,0,1,0,1
20,https://aliimperiale.com/relationship-values-alignment-calculator.html,Relationship Values Alignment Calculator | Ali Imperiale,text/html; charset=utf-8,false,200,0,0,1,0,1
20,https://aliimperiale.com/fertility-family-planning-calculator.html,Fertility & Family Planning Calculator | Ali Imperiale,text/html; charset=utf-8,false,200,0,0,1,0,1
20,https://aliimperiale.com/sexual-satisfaction-social-media-study-2026.html,Sexual Satisfaction & Social Media Usage Study 2026,text/html; charset=utf-8,false,200,0,0,1,0,1
20,https://aliimperiale.com/sexual-wellness-menstruation-guide.html,Comprehensive Guide to Sexual Wellness During Menstruation | Ali Imperiale,text/html; charset=utf-8,false,200,0,0,1,0,1
20,https://aliimperiale.com/sexual-wellness-during-pregnancy-study-2026.html,Sexual Wellness During Pregnancy Study 2026 — Ali Imperiale,text/html; charset=utf-8,false,200,0,0,1,0,1
20,https://aliimperiale.com/fertility-tracking-calculator.html,Advanced Fertility & Ovulation Tracker | Ali Imperiale,text/html; charset=utf-8,false,200,0,0,1,0,1
20,https://aliimperiale.com/social-media-body-image-sexual-confidence-study-2026.html,2026 Study: Impact of Social Media on Body Image and Sexual Confidence | Ali Imperiale,text/html; charset=utf-8,false,200,0,0,1,0,1
20,https://aliimperiale.com/post-pandemic-dating-behavior-study-2026.html,Post-Pandemic Dating Behavior Study 2026,text/html; charset=utf-8,false,200,0,0,1,0,1
20,https://aliimperiale.com/interactive-sexual-consent-quiz.html,Interactive Sexual Consent Quiz - Ali Imperiale,text/html; charset=utf-8,false,200,0,0,1,0,1
20,https://aliimperiale.com/blog/moaning-is-overrated.html,Moaning Is Overrated — Here's What You Should Actually Pay Attention To | Ali Imperiale,text/html; charset=utf-8,false,200,0,0,1,0,1
20,https://aliimperiale.com/libido-fluctuation-tracker.html,Libido Fluctuation Tracker — Ali Imperiale,text/html; charset=utf-8,false,200,0,0,1,0,1
20,https://aliimperiale.com/sexual-desire-discrepancy-solutions.html,Sexual Desire Discrepancy Solution Generator — Ali Imperiale,text/html; charset=utf-8,false,200,0,0,1,0,1
20,https://aliimperiale.com/top-sexual-wellness-apps-2026.html,Top Sexual Wellness Apps and Digital Tools 2026 | Ali Imperiale,text/html; charset=utf-8,false,200,0,0,1,0,1
20,https://aliimperiale.com/sexual-health-pregnancy-postpartum-guide.html,Sexual Health During Pregnancy & Postpartum Guide — Ali Imperiale,text/html; charset=utf-8,false,200,0,0,1,0,1
20,https://aliimperiale.com/interactive-sexual-wellness-tracker.html,Interactive Sexual Wellness & Pleasure Tracking Tool | Ali Imperiale,text/html; charset=utf-8,false,200,0,0,1,0,1
20,https://aliimperiale.com/cycle-tracker.html,Fertility & Cycle Tracker | Ali Imperiale,text/html; charset=utf-8,false,200,0,0,1,0,1
20,https://aliimperiale.com/orgasm-difficulty-calculator.html,Orgasm Difficulty Calculator — Ali Imperiale,text/html; charset=utf-8,false,200,0,0,1,0,1
20,https://aliimperiale.com/pleasure-gap-study-2026.html,The Pleasure Gap Study 2026: Statistics & Solutions — Ali Imperiale,text/html; charset=utf-8,false,200,0,0,1,0,1
20,https://aliimperiale.com/sexual-positions-body-types-guide.html,Sexual Positions Guide for Different Body Types | Ali Imperiale,text/html; charset=utf-8,false,200,0,0,1,0,1
20,https://aliimperiale.com/workplace-sexual-harassment-prevention-study-2026.html,Workplace Sexual Harassment Prevention Study (2026) — Ali Imperiale,text/html; charset=utf-8,false,200,0,0,1,0,1
20,https://aliimperiale.com/sexual-satisfaction-mental-health-study-2026.html,Sexual Satisfaction and Mental Health Study 2026 — Ali Imperiale,text/html; charset=utf-8,false,200,0,0,1,0,1
20,https://aliimperiale.com/orgasm-type-discovery-guide.html,Orgasm Type Discovery Quiz & Guide | Ali Imperiale,text/html; charset=utf-8,false,200,0,0,1,0,1
20,https://aliimperiale.com/sexual-wellness-chronic-conditions-disabilities-guide.html,Sexual Wellness for People with Chronic Conditions & Disabilities Guide | Ali Imperiale,text/html; charset=utf-8,false,200,0,0,1,0,1
20,https://aliimperiale.com/sexual-trauma-recovery-assessment.html,Sexual Trauma Recovery Assessment & Resource Finder | Ali Imperiale,text/html; charset=utf-8,false,200,0,0,1,0,1
20,https://aliimperiale.com/relationship-milestone-tracker.html,Relationship Milestone & Goal Tracker | Ali Imperiale,text/html; charset=utf-8,false,200,0,0,1,0,1
20,https://aliimperiale.com/best-sex-education-resources.html,"Best Sex Education Resources: Websites, Books, Podcasts & More | Ali Imperiale",text/html; charset=utf-8,false,200,0,0,1,0,1
20,https://aliimperiale.com/sex-drive-compatibility-analyzer.html,Interactive Sex Drive Compatibility Analyzer — Ali Imperiale,text/html; charset=utf-8,false,200,0,0,1,0,1
20,https://aliimperiale.com/male-sexual-health-performance-hub.html,Male Sexual Health & Performance Hub — Ali Imperiale,text/html; charset=utf-8,false,200,0,0,1,0,1
20,https://aliimperiale.com/sexual-frequency-relationship-satisfaction-study-2026.html,Sexual Frequency vs Relationship Satisfaction Analysis 2026 | Ali Imperiale,text/html; charset=utf-8,false,200,0,0,1,0,1
