PR,URL,Title,Content type,Is rendered page,HTTP status code,Organic traffic,Depth,Meta description,Meta description length,No. of meta descriptions,Is indexable page
21,https://aliimperiale.com/blog/top-5-sexually-open-minded-countries.html,Top 5 Sexually Open-Minded Countries in the World | Ali Imperiale,text/html; charset=utf-8,false,200,0,0,"Which countries are the most sexually open-minded? From the Netherlands to Brazil, here's what makes these cultures more relaxed about sex, nudity, and pleasure.",161,1,true
21,https://aliimperiale.com/blog/improve-the-quality-of-your-erection.html,Improve the Quality of Your Erection | Ali Imperiale,text/html; charset=utf-8,false,200,0,0,"Erection quality is something most men think about but rarely discuss. Here are practical, evidence-based tips for stronger, more reliable erections — no shame attached.",169,1,true
21,https://aliimperiale.com/blog/spontaneous-vs-responsive-desire.html,Spontaneous Desire vs Responsive Desire — Why You're Not So Horny Anymore | Ali Imperiale,text/html; charset=utf-8,false,200,0,0,"If your sex drive has disappeared, you might just have responsive desire. Learn the difference between spontaneous and responsive desire and why it matters for your relationship.",178,1,true
20,https://aliimperiale.com/social-media-sexual-self-image-study-2026.html,Study on Social Media Impact on Sexual Self-Image 2026 — Ali Imperiale,text/html; charset=utf-8,false,200,0,0,"A comprehensive, data-driven 2026 study exploring how social media platforms like Instagram and TikTok impact body image, sexual confidence, and performance anxiety.",165,1,true
20,https://aliimperiale.com/sexual-wellness-supplement-market-analysis-2026.html,Sexual Wellness Supplement Market Analysis 2026 | Original Research,text/html; charset=utf-8,false,200,0,0,"Comprehensive market research examining the booming sexual wellness supplement industry. We analyze market size, popular categories, scientific evidence vs marketing claims, and consumer spending patterns.",205,1,true
20,https://aliimperiale.com/pleasure-positions-calculator.html,Sex Positions Calculator & Intimate Guide — Ali Imperiale,text/html; charset=utf-8,false,200,0,0,"Use our interactive sex positions calculator and couples position finder to discover 50+ intimate positions tailored to your preferences, comfort levels, and accessibility needs. A tasteful, educational guide for couples.",221,1,true
20,https://aliimperiale.com/birth-control-finder.html,Comprehensive Birth Control Method Finder | Ali Imperiale,text/html; charset=utf-8,false,200,0,0,"Interactive decision tree tool that recommends contraceptive methods based on lifestyle, health factors, preferences, and needs. Find the best birth control for you.",165,1,true
20,https://aliimperiale.com/blog/the-secret-to-blended-orgasms.html,The Secret to Blended Orgasms (That Most Men Don't Know About) | Ali Imperiale,text/html; charset=utf-8,false,200,0,0,"What is a blended orgasm, how does it work, and why do so many people not know about it? A judgment-free guide to understanding combined stimulation for deeper pleasure.",169,1,true
20,https://aliimperiale.com/consent-guide.html,Complete Guide to Consent in Relationships | Ali Imperiale,text/html; charset=utf-8,false,200,0,0,"A comprehensive, honest, and judgment-free guide to understanding consent in relationships—what it looks like, how to ask for it, and how to navigate tricky situations.",168,1,true
20,https://aliimperiale.com/blog/i-caught-my-boyfriend-masturbating.html,I Caught My Boyfriend Masturbating! | Ali Imperiale,text/html; charset=utf-8,false,200,0,0,"Ali Imperiale talks about catching her boyfriend masturbating — why it's normal, why it can feel weird, and what it means (and doesn't mean) for your relationship.",163,1,true
20,https://aliimperiale.com/blog/adult-entertainment-date-night-ideas.html,Adult Entertainment Date Night Ideas | Ali Imperiale,text/html; charset=utf-8,false,200,0,0,Looking for date night ideas that go beyond dinner and a movie? Ali Imperiale shares creative adult entertainment ideas to spark connection and adventure with your partner.,172,1,true
20,https://aliimperiale.com/blog/christian-sex-guilt.html,Christian Sex Guilt — Ashley Madison Docuseries Review | Ali Imperiale,text/html; charset=utf-8,false,200,0,0,"Exploring the intersection of religion, shame, and sexuality through the lens of the Ashley Madison Netflix docuseries. What happens when faith collides with desire?",165,1,true
20,https://aliimperiale.com/blog/dont-visit-thailand-with-your-girlfriend.html,Don't Visit Thailand With Your Girlfriend — Why Are Thai Women So Irresistible? | Ali Imperiale,text/html; charset=utf-8,false,200,0,0,"An honest look at the dynamics of traveling to Thailand as a couple, the allure of Thai culture, and how to navigate attraction honestly within your relationship.",162,1,true
20,https://aliimperiale.com/blog/montreal-uncovered-sexy-history.html,Montreal Uncovered: The City's Sexy History | Ali Imperiale,text/html; charset=utf-8,false,200,0,0,Discover Montreal's surprisingly sexy history — from burlesque culture to its liberal attitudes toward pleasure. Ali Imperiale explores what makes this city so sensual.,168,1,true
20,https://aliimperiale.com/blog/things-to-try-as-a-couple.html,5 Things You've Probably Never Tried As A Couple (But Should!) | Ali Imperiale,text/html; charset=utf-8,false,200,0,0,Five surprising things most couples have never tried together — from sensory play to vulnerability exercises — that can bring you closer and reignite your connection.,166,1,true
20,https://aliimperiale.com/best-dating-apps.html,Best Apps for Dating & Relationships in 2026 | Ali Imperiale,text/html; charset=utf-8,false,200,0,0,"A comprehensive ranking of 25+ dating and relationship apps for 2026. Find the right app for serious relationships, casual dating, LGBTQ+, kink-friendly, and more.",163,1,true
20,https://aliimperiale.com/best-online-sexual-education-courses-2026.html,Best Online Sexual Education Courses & Programs (2026 Guide) — Ali Imperiale,text/html; charset=utf-8,false,200,0,0,"A comprehensive, judgment-free guide to the top online sexual education courses for 2026. Find programs for individuals, couples, professionals, and specific communities.",170,1,true
20,https://aliimperiale.com/sexual-confidence-workout-tool.html,Sexual Confidence Building Workout Tool | Ali Imperiale,text/html; charset=utf-8,false,200,0,0,"A dynamic, personalized sexual confidence building and intimacy confidence exercises tool. Build your sexual self-esteem with daily workouts, affirmations, and progress tracking.",178,1,true
20,https://aliimperiale.com/dirty-talk-communication-coach.html,Dirty Talk Generator & Communication Coach | Ali Imperiale,text/html; charset=utf-8,false,200,0,0,"Develop confident intimate communication skills with this interactive dirty talk generator and bedroom communication coach. Explore ideas, build phrases, and practice scenarios.",177,1,true
20,https://aliimperiale.com/best-sexual-wellness-podcasts-couples-2026.html,The Best Sexual Wellness Podcasts for Couples in 2026 | Ali Imperiale,text/html; charset=utf-8,false,200,0,0,"A curated, honest guide to the best podcasts for couples looking to improve intimacy, communication, and sexual wellness in 2026. Includes reviews, ratings, and where to listen.",177,1,true
20,https://aliimperiale.com/blog/go-go-bar-bangkok.html,My Experience At A Go-Go Bar In Bangkok | Ali Imperiale,text/html; charset=utf-8,false,200,0,0,"What is it actually like inside a go-go bar in Bangkok? Ali shares the honest, unfiltered experience — the culture shock, the observations, and the bigger questions it raised.",175,1,true
20,https://aliimperiale.com/best-sex-toys-beginners.html,Best Sex Toys for Beginners: Complete 2026 Guide | Ali Imperiale,text/html; charset=utf-8,false,200,0,0,"A comprehensive, beginner-friendly guide to choosing the best sex toys. Discover 30+ products across categories, safety tips, shopping advice, and an interactive quiz to find your perfect match.",194,1,true
20,https://aliimperiale.com/blog/happy-ending-massage-vs-tantric-massage.html,Happy Ending Massage vs Tantric Massage — What's the Difference? | Ali Imperiale,text/html; charset=utf-8,false,200,0,0,"People often confuse happy ending massages with tantric massage, but they are completely different. Here's an honest breakdown of what each one actually involves.",162,1,true
20,https://aliimperiale.com/blog/my-favourite-way-to-please-my-partner-blow-jobs.html,My Favourite Way to Please My Partner — Blow Jobs | Ali Imperiale,text/html; charset=utf-8,false,200,0,0,"An honest, educational guide to oral sex — why I love giving blow jobs, what makes the experience great for both people, and tips for anyone who wants to improve.",162,1,true
20,https://aliimperiale.com/blog/do-women-enjoy-anal-play.html,Do Women Actually Enjoy Anal Play? The Honest Truth | Ali Imperiale,text/html; charset=utf-8,false,200,0,0,"An honest, judgment-free conversation about anal play — what the research says, what women actually experience, and how to approach it with care and communication.",163,1,true
20,https://aliimperiale.com/body-positive-influencers-directory.html,The Ultimate Body Positive Influencers Directory | Ali Imperiale,text/html; charset=utf-8,false,200,0,0,"A curated directory of body-positive influencers, content creators, and advocates across Instagram, TikTok, and YouTube. Discover diverse representation and inclusive voices.",174,1,true
20,https://aliimperiale.com/relationship-boundaries-generator.html,Relationship Boundaries Generator | Ali Imperiale,text/html; charset=utf-8,false,200,0,0,Generate personalized boundary statements for your relationship. Answer questions about your comfort levels and deal-breakers to get custom communication scripts.,162,1,true
20,https://aliimperiale.com/pleasure-personality-quiz.html,Pleasure Personality Quiz — Discover Your Type,text/html; charset=utf-8,false,200,0,0,"Take this interactive pleasure personality quiz to discover your unique sexual personality type. Learn about your preferences for touch, pacing, and connection, with personalized enhancement tips.",196,1,true
20,https://aliimperiale.com/menstrual-cycle-desire-calculator.html,Menstrual Cycle & Desire Calculator | Ali Imperiale,text/html; charset=utf-8,false,200,0,0,"Understand how your menstrual cycle affects sexual desire, arousal, and pleasure. Calculate hormone cycle phases and get personalized insights on menstruation sexuality.",169,1,true
20,https://aliimperiale.com/blog/i-gave-my-boyfriend-a-prostate-massage.html,I Gave My Boyfriend a Prostate Massage | Ali Imperiale,text/html; charset=utf-8,false,200,0,0,"Ali Imperiale shares the honest experience of giving her boyfriend a prostate massage for the first time — what it was like, how he reacted, and what we learned.",161,1,true
20,https://aliimperiale.com/kink-compatibility-quiz.html,Kink Compatibility Quiz | Ali Imperiale,text/html; charset=utf-8,false,200,0,0,"Discover your kink compatibility with our educational BDSM assessment. Explore power dynamics, sensory play, role preferences, and more in a safe, guided format.",161,1,true
20,https://aliimperiale.com/sexual-communication-guide.html,Comprehensive Sexual Communication Guide — Ali Imperiale,text/html; charset=utf-8,false,200,0,0,"A comprehensive guide to sexual communication for couples. Learn how to talk about sex effectively, discuss desires, set boundaries, and navigate difficult topics.",163,1,true
20,https://aliimperiale.com/sexual-aftercare-guide.html,Complete Guide to Sexual Aftercare — Ali Imperiale,text/html; charset=utf-8,false,200,0,0,"A comprehensive, judgment-free guide to sexual aftercare. Learn the importance of physical and emotional care after intimate encounters, routines, and tips for different relationship types.",189,1,true
20,https://aliimperiale.com/sexual-wellness-spending-habits-2026.html,Consumer Spending Habits on Sexual Wellness (2026) | Original Research,text/html; charset=utf-8,false,200,0,0,"Original 2026 research study examining consumer spending patterns on sexual wellness products, services, and experiences, including toys, therapy, and education.",161,1,true
20,https://aliimperiale.com/blog/where-to-find-swingers-in-mexico.html,Where to Find Swingers in Mexico | Ali Imperiale,text/html; charset=utf-8,false,200,0,0,"Curious about the swinger scene in Mexico? Here's an honest guide to where swingers go, what to expect, and how to navigate the lifestyle scene south of the border.",164,1,true
20,https://aliimperiale.com/blog/why-so-many-men-are-curious-about-pegging.html,Why So Many Men Are Curious About Pegging (Let's Talk About It) | Ali Imperiale,text/html; charset=utf-8,false,200,0,0,"More men are curious about pegging than ever before. A shame-free look at why this interest is growing, what the research says, and how to approach the conversation.",165,1,true
20,https://aliimperiale.com/blog/thinking-of-opening-your-relationship.html,Watch This If You're Thinking of Opening Your Relationship | Ali Imperiale,text/html; charset=utf-8,false,200,0,0,"Thinking about open relationships? Here's what you need to know before making the leap — the realities, the conversations, and the honest truth about non-monogamy.",163,1,true
20,https://aliimperiale.com/blog/our-surprise-threesome.html,Our Surprise Threesome | Ali Imperiale,text/html; charset=utf-8,false,200,0,0,"What actually happens when a threesome isn't planned? Ali shares the honest, unfiltered story of a spontaneous threesome — the good, the awkward, and the lessons learned.",170,1,true
20,https://aliimperiale.com/blog/masturbating-with-your-partner.html,Masturbating With Your Partner — Why Mutual Masturbation Is Underrated | Ali Imperiale,text/html; charset=utf-8,false,200,0,0,"Mutual masturbation is one of the most intimate things you can do with a partner. Here's why it matters, how to bring it up, and why it might transform your sex life.",166,1,true
20,https://aliimperiale.com/blog/birth-control-options-2026.html,"Every Birth Control Option in 2026, Ranked by Someone Who's Tried Most of Them | Ali Imperiale",text/html; charset=utf-8,false,200,0,0,"A comprehensive, honest guide to birth control options in 2026. From IUDs to the pill, we cover effectiveness, side effects, and costs. No judgment, just real talk.",164,1,true
20,https://aliimperiale.com/sexual-positions-accessibility-guide.html,Accessible Sex Positions Guide | Adaptive Intimacy | Ali Imperiale,text/html; charset=utf-8,false,200,0,0,"An inclusive guide providing adaptive sexual position modifications, comfort techniques, and communication strategies for people with disabilities, injuries, or physical limitations.",182,1,true
20,https://aliimperiale.com/sexual-wellness-technology-trends-study-2026.html,2026 Sexual Wellness Technology Trends Study — Ali Imperiale,text/html; charset=utf-8,false,200,0,0,"A comprehensive, data-driven 2026 study exploring the impact of technology on sexual wellness, including AI sex education, teledildonics, dating app algorithms, and digital consent.",181,1,true
20,https://aliimperiale.com/blog/how-to-give-a-sensual-massage.html,How to Give a Sensual Massage That Actually Leads Somewhere | Ali Imperiale,text/html; charset=utf-8,false,200,0,0,"Want to give a sensual massage that feels incredible and naturally builds intimacy? Here is how to set the mood, the best oils to use, and techniques that actually work.",169,1,true
20,https://aliimperiale.com/anal-play-safety-guide.html,The Complete Guide to Anal Play Safety — Ali Imperiale,text/html; charset=utf-8,false,200,0,0,"A comprehensive, judgment-free educational guide to anal play safety. Covering anatomy, preparation, lube, communication, troubleshooting pain, aftercare, and more.",164,1,true
20,https://aliimperiale.com/best-sex-positive-books-2026.html,Best Sex-Positive Books & Authors 2026 Directory | Ali Imperiale,text/html; charset=utf-8,false,200,0,0,"A comprehensive, curated directory of the best sex-positive books, covering sexual education, relationship advice, LGBTQ+ experiences, kink, and trauma-informed intimacy.",170,1,true
20,https://aliimperiale.com/sexual-health-tracker.html,"Sexual Health Tracker, Contraception & Reproductive Health Log | Ali Imperiale",text/html; charset=utf-8,false,200,0,0,"A comprehensive sexual health tracker and contraception tracker for logging periods, reproductive health, mood, and partner communication. All data stored locally.",163,1,true
20,https://aliimperiale.com/sexual-communication-style-assessment.html,Interactive Sexual Communication Style Assessment - Ali Imperiale,text/html; charset=utf-8,false,200,0,0,"Discover your sexual communication style with this interactive assessment. Learn strategies for difficult conversations, conflict resolution, and partner compatibility.",168,1,true
20,https://aliimperiale.com/healing-sexual-shame-guide.html,Healing Sexual Shame & Guilt: A Comprehensive Guide — Ali Imperiale,text/html; charset=utf-8,false,200,0,0,"A comprehensive, compassionate guide to identifying, understanding, and overcoming sexual shame and guilt. Discover practical exercises for rebuilding sexual confidence.",169,1,true
20,https://aliimperiale.com/sex-positive-cities-guide.html,The Ultimate Guide to Sex-Positive Cities Worldwide | Ali Imperiale,text/html; charset=utf-8,false,200,0,0,"Discover the world's most sex-positive cities. From Berlin to Tokyo, explore the legal landscape, culture, nightlife, and safety for the ultimate adult travel guide.",165,1,true
20,https://aliimperiale.com/blog/my-sex-trip-in-amsterdam.html,I Went on a Sex Trip in Amsterdam | Ali Imperiale,text/html; charset=utf-8,false,200,0,0,"Amsterdam is famous for its open sexual culture. I went to experience it firsthand — the Red Light District, sex shops, museums, and the Dutch attitude toward pleasure.",168,1,true
20,https://aliimperiale.com/best-sex-positive-therapists-2026.html,Best Sex-Positive Therapists and Counselors Directory 2026 | Ali Imperiale,text/html; charset=utf-8,false,200,0,0,"A comprehensive, curated directory of certified sex-positive mental health professionals, including LGBTQ+ affirming counselors, polyamory specialists, kink-aware professionals, and more.",187,1,true
20,https://aliimperiale.com/blog/dealing-with-jealousy-in-a-threesome.html,My Experience Dealing with Jealousy in a Threesome | Ali Imperiale,text/html; charset=utf-8,false,200,0,0,Jealousy during a threesome is more common than you think. Here's my honest experience navigating those feelings and what I learned about communication and trust.,162,1,true
20,https://aliimperiale.com/blog/erotic-movie-theatre-montreal.html,Erotic Movie Theatre Montreal | Ali Imperiale,text/html; charset=utf-8,false,200,0,0,"Ali Imperiale visits an erotic movie theatre in Montreal and shares the honest, surprising experience — what it's like, who goes, and what really happens inside.",161,1,true
20,https://aliimperiale.com/blog/private-dance-at-a-strip-club.html,What It's Really Like Getting a Private Dance at a Strip Club | Ali Imperiale,text/html; charset=utf-8,false,200,0,0,"Ali Imperiale describes the real experience of getting a private dance at a strip club — the nerves, the atmosphere, and what actually happens behind the curtain.",162,1,true
20,https://aliimperiale.com/blog/i-tried-a-happy-ending-from-a-man.html,"I Tried a ""Happy Ending"" from a Man — Here's What No One Talks About | Ali Imperiale",text/html; charset=utf-8,false,200,0,0,"An honest, judgment-free reflection on receiving a happy ending from a man — covering vulnerability, expectations, desire, boundaries, and the emotional side of intimacy that often gets overlooked.",197,1,true
20,https://aliimperiale.com/long-distance-relationship-intimacy-guide.html,Long Distance Relationship Intimacy Guide — Ali Imperiale,text/html; charset=utf-8,false,200,0,0,"A comprehensive guide to maintaining physical and emotional intimacy in a long distance relationship. Learn virtual intimacy tips, sexting safety, and connection strategies.",173,1,true
20,https://aliimperiale.com/blog/why-im-into-cuckolding.html,Why I'm Into Cuckolding — My Fantasy + What the Research Says | Ali Imperiale,text/html; charset=utf-8,false,200,0,0,"Cuckolding is one of the most common fantasies, yet one of the least understood. Here's an honest look at the psychology behind it and why it's more normal than you think.",171,1,true
20,https://aliimperiale.com/menopause-sexual-wellness-guide.html,Interactive Menopause & Sexual Wellness Guide | Ali Imperiale,text/html; charset=utf-8,false,200,0,0,"A comprehensive, interactive guide addressing sexual changes during perimenopause and menopause, including vaginal dryness solutions, managing libido after menopause, and more.",176,1,true
20,https://aliimperiale.com/foreplay-ideas-generator.html,Interactive Foreplay Ideas Generator | Ali Imperiale,text/html; charset=utf-8,false,200,0,0,"Generate personalized, tasteful foreplay ideas based on your boundaries, preferences, and available time. Explore sensual massage, role play, and intimate games.",161,1,true
20,https://aliimperiale.com/sex-education-quality-study-2026.html,Sex Education Quality Study 2026: Global Analysis of Sexual Health Literacy — Ali Imperiale,text/html; charset=utf-8,false,200,0,0,"An original, data-driven research study analyzing sexual health education quality worldwide, including availability, covered topics, effectiveness, and emerging trends.",168,1,true
20,https://aliimperiale.com/interactive-sexual-communication-skills-builder.html,Interactive Sexual Communication Skills Builder — Ali Imperiale,text/html; charset=utf-8,false,200,0,0,"Comprehensive training platform for sexual communication skills. Practice exercises, skill assessments, and interactive modules for intimate relationship communication.",168,1,true
20,https://aliimperiale.com/love-language-quiz.html,Love Language Quiz | Ali Imperiale,text/html; charset=utf-8,false,200,0,0,Take this interactive Love Language quiz to discover how you give and receive love based on Gary Chapman's 5 Love Languages framework. Great for individuals and couples.,169,1,true
20,https://aliimperiale.com/blog/stripping-vs-burlesque-whats-the-difference.html,Stripping vs Burlesque — What's The Difference? | Ali Imperiale,text/html; charset=utf-8,false,200,0,0,"Stripping and burlesque are often confused but they're quite different art forms. A respectful, educational breakdown of the history, culture, and key differences.",163,1,true
20,https://aliimperiale.com/blog/sexual-bucket-list.html,The Ultimate Sexual Bucket List for Couples | Ali Imperiale,text/html; charset=utf-8,false,200,0,0,"A fun, comprehensive list of things couples can try together, organized by romantic, adventurous, spicy, and emotional categories. Includes a printable checklist.",162,1,true
20,https://aliimperiale.com/blog/how-to-provide-aftercare-after-a-threesome.html,How to Provide Aftercare After a Threesome | Ali Imperiale,text/html; charset=utf-8,false,200,0,0,Aftercare isn't just for BDSM — it's essential after a threesome too. Here's how to take care of everyone's emotional and physical needs after a shared sexual experience.,170,1,true
20,https://aliimperiale.com/blog/why-does-my-boyfriend-want-a-threesome.html,Why Does My Boyfriend Want a Threesome? Should I Do It? | Ali Imperiale,text/html; charset=utf-8,false,200,0,0,"Your boyfriend brought up a threesome and you don't know what to think. Let's unpack why he might want one, what to consider, and how to decide if it's right for you.",166,1,true
20,https://aliimperiale.com/safe-sexting-practices.html,Safe Sexting Practices Guide | Ali Imperiale,text/html; charset=utf-8,false,200,0,0,"Comprehensive guide to sexting safely and consensually, covering privacy settings, app security, consent boundaries, revenge porn prevention, and legal considerations.",167,1,true
20,https://aliimperiale.com/best-lube-brands-2026.html,Best Lube Brands 2026: The Ultimate Lubricant Comparison Guide,text/html; charset=utf-8,false,200,0,0,"A comprehensive comparison of the best personal lubricant brands for 2026. Compare water-based, silicone, hybrid, organic options, and top reviews for sensitive skin.",166,1,true
20,https://aliimperiale.com/global-sexual-attitudes-study-2026.html,2026 Global Sexual Attitudes and Behaviors Study | Ali Imperiale,text/html; charset=utf-8,false,200,0,0,"A comprehensive research article analyzing worldwide trends in sexual attitudes and behaviors, including cross-cultural analysis, generational differences, and more.",165,1,true
20,https://aliimperiale.com/lgbtq-sexual-health-guide.html,The LGBTQ+ Sexual Health & Wellness Guide — Ali Imperiale,text/html; charset=utf-8,false,200,0,0,"An inclusive, comprehensive, judgment-free guide to LGBTQ+ sexual health, safe sex practices, finding affirming healthcare, and navigating intimacy across all identities.",170,1,true
20,https://aliimperiale.com/sexual-wellness-check.html,Sexual Wellness Self-Assessment | Ali Imperiale,text/html; charset=utf-8,false,200,0,0,"A private, judgment-free self-check for your sexual wellness. Assess satisfaction, communication, body image, desire, and knowledge to understand yourself better.",162,1,true
20,https://aliimperiale.com/sexual-health-symptom-checker.html,"Sexual Health Symptom Checker, STI & Dysfunction Assessment Tool — Ali Imperiale",text/html; charset=utf-8,false,200,0,0,"An interactive, educational sexual health symptoms and STI symptoms checker to help you understand common concerns, including sexual dysfunction assessment, and when to seek medical care.",187,1,true
20,https://aliimperiale.com/communication-style-quiz.html,Communication Style Quiz | Ali Imperiale,text/html; charset=utf-8,false,200,0,0,Discover your dominant communication style in relationships with this free interactive quiz. Learn how to shift toward assertive communication for healthier connections.,169,1,true
20,https://aliimperiale.com/dirty-talk-communication-guide.html,Complete Guide to Dirty Talk & Sexual Communication — Ali Imperiale,text/html; charset=utf-8,false,200,0,0,"A comprehensive, judgment-free guide to dirty talk, sexual communication, and building intimacy. Learn beginner phrases, voice techniques, boundary setting, and more.",166,1,true
20,https://aliimperiale.com/jealousy-tracker.html,Jealousy Journal & Pattern Tracker | Ali Imperiale,text/html; charset=utf-8,false,200,0,0,"A private self-reflection tool for understanding jealousy patterns. Log triggers, intensity, and thoughts to uncover underlying patterns. All data stays on your device.",168,1,true
20,https://aliimperiale.com/sexual-boundaries-communication-scripts.html,Communication Scripts for Sexual Boundaries — Ali Imperiale,text/html; charset=utf-8,false,200,0,0,"A comprehensive guide with practical templates for setting, discussing, and maintaining sexual boundaries in relationships. Includes scripts for initial discussions, saying no, addressing violations, and navigating different relationship styles.",245,1,true
20,https://aliimperiale.com/partner-compatibility-assessment-guide.html,Partner Compatibility Assessment Guide | Ali Imperiale,text/html; charset=utf-8,false,200,0,0,"A detailed guide for evaluating compatibility with potential or current partners. Explore sexual, emotional, and lifestyle compatibility, red flags, and healthy communication.",175,1,true
20,https://aliimperiale.com/blog/top-5-threesome-positions.html,Top 5 Threesome Positions | Ali Imperiale,text/html; charset=utf-8,false,200,0,0,"Threesomes can feel overwhelming to navigate logistically. Here are five positions that actually work — comfortable, inclusive, and designed so nobody feels left out.",166,1,true
20,https://aliimperiale.com/top-sex-therapy-apps-platforms-2026.html,Top Sex Therapy Apps & Digital Platforms 2026 — Ali Imperiale,text/html; charset=utf-8,false,200,0,0,"A comprehensive directory and comparison of the best sex therapy apps, digital platforms, and sexual wellness tools for 2026. Honest reviews of features, privacy, and UX.",170,1,true
20,https://aliimperiale.com/boundaries-builder.html,Boundaries Template Builder | Ali Imperiale,text/html; charset=utf-8,false,200,0,0,"An interactive tool to help you articulate and communicate your personal boundaries across physical, emotional, digital, sexual, and family aspects of your life.",161,1,true
20,https://aliimperiale.com/blog/5-things-confident-men-do-that-drive-women-crazy.html,5 Things Confident Men Do That Drive Women Crazy | Ali Imperiale,text/html; charset=utf-8,false,200,0,0,What makes a man truly attractive? It's not what you think. Here are five things genuinely confident men do that women find irresistible — from a woman's honest perspective.,173,1,true
20,https://aliimperiale.com/blog/do-women-need-emotional-connection-for-sex.html,Do Women Really Need Emotional Connection for Sex? | Ali Imperiale,text/html; charset=utf-8,false,200,0,0,"We unpack the common belief that women need emotional connection for sex. Where does this idea come from, why does it feel true for some, and why doesn't it apply to everyone?",175,1,true
20,https://aliimperiale.com/safer-sex-complete-guide.html,The Complete Guide to Safer Sex — Ali Imperiale,text/html; charset=utf-8,false,200,0,0,"A comprehensive, judgment-free guide to safer sex. Explore risk assessment charts, testing timeline calculators, local resource finders, and educational information on barrier methods, STIs, PrEP, PEP, and vaccinations.",219,1,true
20,https://aliimperiale.com/intimacy-goal-planner.html,Intimacy Goal Planner | Ali Imperiale,text/html; charset=utf-8,false,200,0,0,"A comprehensive goal-setting tool for couples to plan and track relationship intimacy goals. Set SMART goals, create action plans, track progress, and celebrate milestones together.",181,1,true
20,https://aliimperiale.com/sexual-satisfaction-survey-2026.html,Sexual Satisfaction Survey Results 2026 | Ali Imperiale,text/html; charset=utf-8,false,200,0,0,"Comprehensive findings from the 2026 Sexual Satisfaction Survey, covering factors, communication, frequency vs. quality, and more based on original sexual health study research.",177,1,true
20,https://aliimperiale.com/relationship-values-alignment-calculator.html,Relationship Values Alignment Calculator | Ali Imperiale,text/html; charset=utf-8,false,200,0,0,"An interactive tool for couples to assess how well their core values align across 25+ categories like family, career, money, and lifestyle. Get a detailed compatibility breakdown and expert tips.",195,1,true
20,https://aliimperiale.com/fertility-family-planning-calculator.html,Fertility & Family Planning Calculator | Ali Imperiale,text/html; charset=utf-8,false,200,0,0,"A comprehensive, judgment-free fertility and family planning tool. Calculate your fertile window, ovulation, conception probability, and explore alternative family planning options.",181,1,true
20,https://aliimperiale.com/sexual-satisfaction-social-media-study-2026.html,Sexual Satisfaction & Social Media Usage Study 2026,text/html; charset=utf-8,false,200,0,0,"Original research examining the correlation between social media usage patterns and sexual satisfaction levels, including body image, digital intimacy, and relationship expectations.",182,1,true
20,https://aliimperiale.com/sexual-wellness-menstruation-guide.html,Comprehensive Guide to Sexual Wellness During Menstruation | Ali Imperiale,text/html; charset=utf-8,false,200,0,0,"A detailed guide covering maintaining sexual health and pleasure during menstrual cycles, including education, safety, managing symptoms, products, communication, and addressing stigma.",185,1,true
20,https://aliimperiale.com/fertility-tracking-calculator.html,Advanced Fertility & Ovulation Tracker | Ali Imperiale,text/html; charset=utf-8,false,200,0,0,"Advanced fertility tracker and ovulation calculator. Track your cycle, basal body temperature, cervical mucus, and estimate pregnancy probability with the Fertility Awareness Method.",182,1,true
20,https://aliimperiale.com/post-pandemic-dating-behavior-study-2026.html,Post-Pandemic Dating Behavior Study 2026,text/html; charset=utf-8,false,200,0,0,"Original research analyzing how dating behaviors, sexual habits, and relationship formation have evolved since COVID-19, including virtual intimacy and health anxiety impacts.",175,1,true
20,https://aliimperiale.com/blog/recovering-from-sexual-trauma.html,Healing Your Relationship with Sex After Trauma | Ali Imperiale,text/html; charset=utf-8,false,200,0,0,"Honest, compassionate advice on recovering from sexual trauma. Learn about trauma therapies, managing triggers, communicating with partners, and reclaiming your pleasure.",170,1,true
20,https://aliimperiale.com/blog/oral-sex-positions-that-wont-make-her-orgasm.html,5 Oral Sex Positions That Look Hot But Probably Won't Make Her Orgasm — Ali Imperiale,text/html; charset=utf-8,false,200,0,0,"Some oral positions look incredible but don't actually feel good. Let's talk about 5 popular positions that prioritize looks over pleasure, and what actually works.",164,1,true
20,https://aliimperiale.com/blog/weed-sex-canals-thailand.html,"Weed, Sex, Canals — Things You Didn't Know About Thailand | Ali Imperiale",text/html; charset=utf-8,false,200,0,0,The surprising side of Thailand most tourists don't see — from its cannabis culture to its complex relationship with sexuality and its stunning canal communities.,162,1,true
20,https://aliimperiale.com/interactive-sexual-wellness-tracker.html,Interactive Sexual Wellness & Pleasure Tracking Tool | Ali Imperiale,text/html; charset=utf-8,false,200,0,0,"A comprehensive personal dashboard for tracking sexual health metrics, pleasure patterns, communication quality, energy levels, and wellness goals. Track desire, mood, stress, self-care, and view personalized insights safely in your browser.",241,1,true
20,https://aliimperiale.com/blog/monogamish-swinging-polyamory-whats-the-difference.html,"Monogamish, Swinging, Polyamory — What's the Difference? | Ali Imperiale",text/html; charset=utf-8,false,200,0,0,"Non-monogamy isn't one-size-fits-all. Here's a clear, judgment-free breakdown of the differences between monogamish, swinging, polyamory, and other relationship structures.",172,1,true
20,https://aliimperiale.com/blog/how-to-have-casual-sex-without-catching-feelings.html,How to Have Casual Sex and Not Catch Feelings | Ali Imperiale,text/html; charset=utf-8,false,200,0,0,"Casual sex sounds simple in theory, but catching feelings is real. Here's how to enjoy physical intimacy without the emotional spiral — or decide if casual isn't for you.",170,1,true
20,https://aliimperiale.com/orgasm-difficulty-calculator.html,Orgasm Difficulty Calculator — Ali Imperiale,text/html; charset=utf-8,false,200,0,0,"A free, interactive Orgasm Difficulty Calculator to help you track patterns, understand contributing factors, and get personalized insights and educational recommendations.",172,1,true
20,https://aliimperiale.com/blog/why-group-sex-is-the-number-one-fantasy.html,Why Group Sex Is the #1 Fantasy (According to Science) | Ali Imperiale,text/html; charset=utf-8,false,200,0,0,"Why is group sex the most common sexual fantasy worldwide? A research-backed, judgment-free look at why so many people fantasize about it and what it really means.",163,1,true
20,https://aliimperiale.com/sexual-positions-body-types-guide.html,Sexual Positions Guide for Different Body Types | Ali Imperiale,text/html; charset=utf-8,false,200,0,0,"A comprehensive, inclusive guide to sexual positions covering adaptive techniques, mobility considerations, height differences, plus-size modifications, and more.",162,1,true
20,https://aliimperiale.com/blog/what-kind-of-porn-did-you-watch.html,What Kind of Porn Did You Used to Watch? | Ali Imperiale,text/html; charset=utf-8,false,200,0,0,"Let's have an honest, shame-free conversation about porn preferences — what they reveal about our desires, how they change over time, and why talking about it matters.",167,1,true
20,https://aliimperiale.com/workplace-sexual-harassment-prevention-study-2026.html,Workplace Sexual Harassment Prevention Study (2026) — Ali Imperiale,text/html; charset=utf-8,false,200,0,0,"Comprehensive analysis of workplace sexual harassment trends, prevention strategies, and organizational responses. Focus on evidence-based prevention and measurable outcomes.",174,1,true
20,https://aliimperiale.com/orgasm-gap-study-2026.html,The Orgasm Gap Study 2026: Statistics & Solutions — Ali Imperiale,text/html; charset=utf-8,false,200,0,0,"An original, data-driven research study exploring the statistics, cultural factors, and actionable solutions behind the orgasm gap between men and women in 2026.",161,1,true
20,https://aliimperiale.com/sexual-satisfaction-mental-health-study-2026.html,Sexual Satisfaction and Mental Health Study 2026 — Ali Imperiale,text/html; charset=utf-8,false,200,0,0,"Original research study analyzing the correlation between sexual satisfaction and overall psychological wellness, covering depression, self-esteem, sleep, and relationships.",173,1,true
20,https://aliimperiale.com/orgasm-type-discovery-guide.html,Orgasm Type Discovery Quiz & Guide | Ali Imperiale,text/html; charset=utf-8,false,200,0,0,Discover and understand the 12+ types of orgasms. Take our interactive quiz to learn about your sensitivity zones and get personalized recommendations and techniques.,166,1,true
20,https://aliimperiale.com/blog/our-experience-getting-a-happy-ending.html,Our Experience Getting a Happy Ending | Ali Imperiale,text/html; charset=utf-8,false,200,0,0,"Ali and her partner share their honest experience getting a happy ending massage — what it was really like, how they navigated it as a couple, and what surprised them.",167,1,true
20,https://aliimperiale.com/sexual-wellness-chronic-conditions-disabilities-guide.html,Sexual Wellness for People with Chronic Conditions & Disabilities Guide | Ali Imperiale,text/html; charset=utf-8,false,200,0,0,"An inclusive guide to sexual wellness for individuals with physical disabilities, chronic illnesses, mental health conditions, and neurodivergence. Find adaptive techniques, communication scripts, and more.",206,1,true
20,https://aliimperiale.com/blog/how-to-rebuild-sexual-confidence.html,How to Rebuild Your Sexual Confidence After a Breakup | Ali Imperiale,text/html; charset=utf-8,false,200,0,0,"An honest, judgment-free guide to rediscovering your body, reclaiming your sexual energy, and rebuilding your confidence in the bedroom after a relationship ends.",162,1,true
20,https://aliimperiale.com/relationship-milestone-tracker.html,Relationship Milestone & Goal Tracker | Ali Imperiale,text/html; charset=utf-8,false,200,0,0,"An interactive tool for couples to set, track, and celebrate relationship goals and milestones. Track communication, intimacy, life goals, travel, and finances together.",169,1,true
20,https://aliimperiale.com/relationship-compatibility-quiz.html,Relationship Compatibility Test & Couples Quiz — Ali Imperiale,text/html; charset=utf-8,false,200,0,0,"Take this comprehensive relationship compatibility test and couples compatibility quiz. A free relationship assessment tool covering communication, intimacy, and goals.",168,1,true
20,https://aliimperiale.com/blog/sex-toys-new-career.html,Sex Toys I Have to Test — This Is My New Career | Ali Imperiale,text/html; charset=utf-8,false,200,0,0,What's it like testing sex toys for a living? A behind-the-scenes look at what it means to review pleasure products professionally — the fun parts and the awkward ones.,168,1,true
