PR,URL,Title,Content type,Is rendered page,HTTP status code,Organic traffic,Is valid Open graph,Open graph attributes,Open graph values,Depth,Is indexable page,No. of all inlinks
20,https://aliimperiale.com/desire-compatibility-calculator.html,Desire Compatibility Calculator | Ali Imperiale,text/html; charset=utf-8,false,200,0,false,"og:type
og:url
og:description
og:title","website
https://aliimperiale.com/desire-compatibility-calculator.html
Calculate and explore your sexual compatibility with your partner. A judgment-free tool covering libidos, communication, kink, and emotional intimacy needs.
Desire Compatibility Calculator | Ali Imperiale",0,true,1
20,https://aliimperiale.com/sex-education-study-2026.html,"2026 Sex Education Study: What 1,000 Adults Wish They Had Learned | Ali Imperiale",text/html; charset=utf-8,false,200,0,false,"og:url
og:type
og:description
og:title","https://aliimperiale.com/sex-education-study-2026.html
article
An original research article and survey of 1,000 adults revealing the gaps in modern sex education, regional differences, and what we all wish we had learned.
2026 Sex Education Study: What 1,000 Adults Wish They Had Learned",0,true,2
20,https://aliimperiale.com/blog/best-vibrators-for-beginners.html,Best Vibrators for Beginners: A No-Shame Guide | Ali Imperiale,text/html; charset=utf-8,false,200,0,false,"og:url
og:type
og:description
og:title","https://aliimperiale.com/blog/best-vibrators-for-beginners.html
article
A comprehensive, shame-free guide to buying your first vibrator. From types and materials to specific recommendations for beginners.
Best Vibrators for Beginners: A No-Shame Guide",0,true,2
20,https://aliimperiale.com/dating-app-psychology-study.html,The Psychology of Online Dating: A Data-Driven Study | Ali Imperiale,text/html; charset=utf-8,false,200,0,false,"og:url
og:type
og:description
og:title","https://aliimperiale.com/dating-app-psychology-study.html
article
An original research article analyzing psychological patterns in online dating behavior, profile optimization, and messaging strategies.
The Psychology of Online Dating: A Data-Driven Study",0,true,1
20,https://aliimperiale.com/dirty-talk-communication-coach.html,Dirty Talk Generator & Communication Coach | Ali Imperiale,text/html; charset=utf-8,false,200,0,false,"og:type
og:url
og:description
og:title","website
https://aliimperiale.com/dirty-talk-communication-coach.html
Develop confident intimate communication skills with this interactive dirty talk generator and bedroom communication coach.
Dirty Talk Generator & Communication Coach",0,true,1
20,https://aliimperiale.com/dating-app-analysis-2026.html,The Modern Dating App Landscape: A 2026 Analysis | Ali Imperiale,text/html; charset=utf-8,false,200,0,false,"og:url
og:type
og:description
og:title","https://aliimperiale.com/dating-app-analysis-2026.html
article
A data-driven study on 2026 dating app trends, success rates, demographics, and best practices for every age group.
The Modern Dating App Landscape: A 2026 Analysis",0,true,1
20,https://aliimperiale.com/post-pandemic-dating-behavior-study-2026.html,Post-Pandemic Dating Behavior Study 2026,text/html; charset=utf-8,false,200,0,false,"og:url
og:type
og:description
og:title","https://aliimperiale.com/post-pandemic-dating-behavior-study-2026.html
article
Original research analyzing how dating behaviors, sexual habits, and relationship formation have evolved since COVID-19, including virtual intimacy and health anxiety impacts.
Post-Pandemic Dating Behavior Study 2026",0,true,1
