PR,URL,Title,Content type,Is rendered page,HTTP status code,Organic traffic,Depth,Title length,No. of titles,Is indexable page
38,https://aliimperiale.com/open-and-honest.html,Open & Honest — The Couples Course for Ethical Non-Monogamy | Ali Imperiale,text/html; charset=utf-8,false,200,0,0,75,1,true
21,https://aliimperiale.com/blog/getting-more-kinky-in-the-bedroom.html,How I'm Getting More Kinky in the Bedroom (And Loving It) | Ali Imperiale,text/html; charset=utf-8,false,200,0,0,73,1,true
21,https://aliimperiale.com/blog/spontaneous-vs-responsive-desire.html,Spontaneous Desire vs Responsive Desire — Why You're Not So Horny Anymore | Ali Imperiale,text/html; charset=utf-8,false,200,0,0,89,1,true
20,https://aliimperiale.com/blog/yoni-erotic-massage-intense-pleasure.html,Yoni Erotic Massage: The Secret to Intense Pleasure (My Experience!) | Ali Imperiale,text/html; charset=utf-8,false,200,0,0,84,1,true
20,https://aliimperiale.com/blog/the-secret-to-blended-orgasms.html,The Secret to Blended Orgasms (That Most Men Don't Know About) | Ali Imperiale,text/html; charset=utf-8,false,200,0,0,78,1,true
20,https://aliimperiale.com/sex-education-study-2026.html,"2026 Sex Education Study: What 1,000 Adults Wish They Had Learned | Ali Imperiale",text/html; charset=utf-8,false,200,0,0,81,1,true
20,https://aliimperiale.com/blog/my-worst-sex-injury.html,My Worst Sex Injury — Always Be Cautious In The Bedroom | Ali Imperiale,text/html; charset=utf-8,false,200,0,0,71,1,true
20,https://aliimperiale.com/blog/blowjob-pleasure-hacks-for-her.html,Blowjob Pleasure Hacks (For Her!) — 3 Tips to Make It Feel Good for Her Too | Ali Imperiale,text/html; charset=utf-8,false,200,0,0,91,1,true
20,https://aliimperiale.com/blog/cant-have-an-orgasm-how-i-figured-it-out.html,Can't Have an Orgasm? Me Neither — Until I Figured It Out | Ali Imperiale,text/html; charset=utf-8,false,200,0,0,73,1,true
20,https://aliimperiale.com/blog/stis-heres-the-truth.html,I Get Asked About STIs All the Time — So Here's the Truth | Ali Imperiale,text/html; charset=utf-8,false,200,0,0,73,1,true
20,https://aliimperiale.com/blog/dont-visit-thailand-with-your-girlfriend.html,Don't Visit Thailand With Your Girlfriend — Why Are Thai Women So Irresistible? | Ali Imperiale,text/html; charset=utf-8,false,200,0,0,95,1,true
20,https://aliimperiale.com/best-sex-positive-youtube-channels-2026.html,Top 15 Sex-Positive YouTube Channels for Education & Wellness (2026) | Ali Imperiale,text/html; charset=utf-8,false,200,0,0,84,1,true
20,https://aliimperiale.com/blog/threesome-apps-how-to-find-a-unicorn.html,My Experience With Threesome Apps — How To Find A Unicorn For Your Couple | Ali Imperiale,text/html; charset=utf-8,false,200,0,0,89,1,true
20,https://aliimperiale.com/blog/things-to-try-as-a-couple.html,5 Things You've Probably Never Tried As A Couple (But Should!) | Ali Imperiale,text/html; charset=utf-8,false,200,0,0,78,1,true
20,https://aliimperiale.com/coming-out-guide-adults.html,Coming Out Later in Life: A Comprehensive Guide for Adults | Ali Imperiale,text/html; charset=utf-8,false,200,0,0,74,1,true
20,https://aliimperiale.com/best-online-sexual-education-courses-2026.html,Best Online Sexual Education Courses & Programs (2026 Guide) — Ali Imperiale,text/html; charset=utf-8,false,200,0,0,76,1,true
20,https://aliimperiale.com/blog/worlds-most-asked-sex-questions-part-1.html,How to Have Sex? — World's Most Asked Sex Questions Part 1 | Ali Imperiale,text/html; charset=utf-8,false,200,0,0,74,1,true
20,https://aliimperiale.com/blog/how-to-communicate-sexual-needs.html,How to Communicate Your Sexual Needs Without Feeling Awkward | Ali Imperiale,text/html; charset=utf-8,false,200,0,0,76,1,true
20,https://aliimperiale.com/blog/dating-app-fatigue.html,Dating App Fatigue Is Real — Here's How to Actually Meet Someone | Ali Imperiale,text/html; charset=utf-8,false,200,0,0,80,1,true
20,https://aliimperiale.com/sexual-style-quiz.html,Sexual Style Quiz — Discover Your Unique Sexual Personality Type | Ali Imperiale,text/html; charset=utf-8,false,200,0,0,80,1,true
20,https://aliimperiale.com/blog/happy-ending-massage-vs-tantric-massage.html,Happy Ending Massage vs Tantric Massage — What's the Difference? | Ali Imperiale,text/html; charset=utf-8,false,200,0,0,80,1,true
20,https://aliimperiale.com/blog/spicy-couple-starter-pack-for-better-sex.html,Spicy Couple Starter Pack for Better Sex — Top 3 Resources | Ali Imperiale,text/html; charset=utf-8,false,200,0,0,74,1,true
20,https://aliimperiale.com/sexual-communication-difficult-conversations.html,Sexual Communication Scripts for Difficult Conversations — Ali Imperiale,text/html; charset=utf-8,false,200,0,0,72,1,true
20,https://aliimperiale.com/sexual-chemistry-assessment-tool.html,Advanced Sexual Chemistry Assessment & Enhancement Tool | Ali Imperiale,text/html; charset=utf-8,false,200,0,0,71,1,true
20,https://aliimperiale.com/blog/the-sex-industry-is-changing.html,The Sex Industry Is Changing — And It's All About Wellness | Ali Imperiale,text/html; charset=utf-8,false,200,0,0,74,1,true
20,https://aliimperiale.com/blog/first-shibari-experience-learning-to-tie-my-partner.html,Learning How to Tie My Partner — First Shibari Experience! | Ali Imperiale,text/html; charset=utf-8,false,200,0,0,74,1,true
20,https://aliimperiale.com/blog/why-so-many-men-are-curious-about-pegging.html,Why So Many Men Are Curious About Pegging (Let's Talk About It) | Ali Imperiale,text/html; charset=utf-8,false,200,0,0,79,1,true
20,https://aliimperiale.com/blog/thinking-of-opening-your-relationship.html,Watch This If You're Thinking of Opening Your Relationship | Ali Imperiale,text/html; charset=utf-8,false,200,0,0,74,1,true
20,https://aliimperiale.com/blog/2025-was-hard-lessons-for-2026.html,2025 Was Hard — The Sex & Relationship Lessons I'm Bringing Into 2026 | Ali Imperiale,text/html; charset=utf-8,false,200,0,0,85,1,true
20,https://aliimperiale.com/blog/masturbating-with-your-partner.html,Masturbating With Your Partner — Why Mutual Masturbation Is Underrated | Ali Imperiale,text/html; charset=utf-8,false,200,0,0,86,1,true
20,https://aliimperiale.com/blog/birth-control-options-2026.html,"Every Birth Control Option in 2026, Ranked by Someone Who's Tried Most of Them | Ali Imperiale",text/html; charset=utf-8,false,200,0,0,94,1,true
20,https://aliimperiale.com/blog/how-to-give-a-sensual-massage.html,How to Give a Sensual Massage That Actually Leads Somewhere | Ali Imperiale,text/html; charset=utf-8,false,200,0,0,75,1,true
20,https://aliimperiale.com/sexual-communication-trauma-survivors-guide.html,Compassionate Sexual Communication for Trauma Survivors Guide — Ali Imperiale,text/html; charset=utf-8,false,200,0,0,77,1,true
20,https://aliimperiale.com/sexual-health-tracker.html,"Sexual Health Tracker, Contraception & Reproductive Health Log | Ali Imperiale",text/html; charset=utf-8,false,200,0,0,78,1,true
20,https://aliimperiale.com/blog/pleasure-habits-for-better-sex-life.html,9 Pleasure Habits That Will Make Your Life and Sex Life Better | Ali Imperiale,text/html; charset=utf-8,false,200,0,0,78,1,true
20,https://aliimperiale.com/blog/my-first-experience-scissoring.html,My First Experience Scissoring — Expectations vs Reality | Ali Imperiale,text/html; charset=utf-8,false,200,0,0,72,1,true
20,https://aliimperiale.com/blog/dating-and-sex-in-quebec.html,Dating and Sex in Quebec — What It's Like Talking Dirty in French | Ali Imperiale,text/html; charset=utf-8,false,200,0,0,81,1,true
20,https://aliimperiale.com/best-sex-positive-books-couples-2026.html,The 30 Best Sex-Positive Books for Couples (2026 Guide) — Ali Imperiale,text/html; charset=utf-8,false,200,0,0,71,1,true
20,https://aliimperiale.com/best-sex-positive-therapists-2026.html,Best Sex-Positive Therapists and Counselors Directory 2026 | Ali Imperiale,text/html; charset=utf-8,false,200,0,0,74,1,true
20,https://aliimperiale.com/blog/best-sex-with-a-stranger-who-is-your-lover.html,Have The Best Sex With a Stranger (But It's Actually Your Lover!) | Ali Imperiale,text/html; charset=utf-8,false,200,0,0,81,1,true
20,https://aliimperiale.com/blog/why-clit-stimulation-feels-so-good.html,Why Clit Stimulation Feels So Good — Let's Talk Masturbation | Ali Imperiale,text/html; charset=utf-8,false,200,0,0,76,1,true
20,https://aliimperiale.com/blog/private-dance-at-a-strip-club.html,What It's Really Like Getting a Private Dance at a Strip Club | Ali Imperiale,text/html; charset=utf-8,false,200,0,0,77,1,true
20,https://aliimperiale.com/blog/i-tried-a-happy-ending-from-a-man.html,"I Tried a ""Happy Ending"" from a Man — Here's What No One Talks About | Ali Imperiale",text/html; charset=utf-8,false,200,0,0,84,1,true
20,https://aliimperiale.com/blog/sex-and-disabilities.html,Sex and Disabilities: It's Not Just The Disabled Not Getting Laid | Ali Imperiale,text/html; charset=utf-8,false,200,0,0,81,1,true
20,https://aliimperiale.com/blog/why-im-into-cuckolding.html,Why I'm Into Cuckolding — My Fantasy + What the Research Says | Ali Imperiale,text/html; charset=utf-8,false,200,0,0,77,1,true
20,https://aliimperiale.com/blog/questionable-nightlife-and-sex-tourism.html,What City Is Known For Its Questionable Nightlife and Sex Tourism | Ali Imperiale,text/html; charset=utf-8,false,200,0,0,81,1,true
20,https://aliimperiale.com/intimate-communication-scripts.html,Intimate Communication Scripts — Ready-to-Use Conversation Starters | Ali Imperiale,text/html; charset=utf-8,false,200,0,0,83,1,true
20,https://aliimperiale.com/blog/how-to-talk-to-kids-about-sex.html,How to Talk to Your Kids About Sex (Without Dying Inside) | Ali Imperiale,text/html; charset=utf-8,false,200,0,0,73,1,true
20,https://aliimperiale.com/sex-education-quality-study-2026.html,Sex Education Quality Study 2026: Global Analysis of Sexual Health Literacy — Ali Imperiale,text/html; charset=utf-8,false,200,0,0,91,1,true
20,https://aliimperiale.com/blog/worlds-most-asked-sex-questions-part-2.html,How to Have Anal Sex? — World's Most Asked Sex Questions Part 2 | Ali Imperiale,text/html; charset=utf-8,false,200,0,0,79,1,true
20,https://aliimperiale.com/blog/pheromones-and-sexual-attraction.html,Why Do I Like to Smell His Penis? — Pheromones and Sexual Attraction | Ali Imperiale,text/html; charset=utf-8,false,200,0,0,84,1,true
20,https://aliimperiale.com/sexual-wellness-survey-2026.html,The State of Sexual Wellness in 2026: Survey Data & Insights | Ali Imperiale,text/html; charset=utf-8,false,200,0,0,76,1,true
20,https://aliimperiale.com/blog/unsolicited-happy-ending-massage-thailand.html,Unsolicited Happy Ending — My Weird Massage Experience in Thailand | Ali Imperiale,text/html; charset=utf-8,false,200,0,0,82,1,true
20,https://aliimperiale.com/blog/why-does-my-boyfriend-want-a-threesome.html,Why Does My Boyfriend Want a Threesome? Should I Do It? | Ali Imperiale,text/html; charset=utf-8,false,200,0,0,71,1,true
20,https://aliimperiale.com/blog/sex-and-open-relationship-books.html,Why You Should Read More Sex and Open Relationship Books | Ali Imperiale,text/html; charset=utf-8,false,200,0,0,72,1,true
20,https://aliimperiale.com/digital-detox-intimate-relationships-study-2026.html,Digital Detox Impact on Intimate Relationships Study 2026 | Ali Imperiale,text/html; charset=utf-8,false,200,0,0,73,1,true
20,https://aliimperiale.com/sexual-health-symptom-checker.html,"Sexual Health Symptom Checker, STI & Dysfunction Assessment Tool — Ali Imperiale",text/html; charset=utf-8,false,200,0,0,80,1,true
20,https://aliimperiale.com/blog/seeking-dating-app-honest-review.html,Seeking — A Dating App Worth Giving a Try: An Honest Review | Ali Imperiale,text/html; charset=utf-8,false,200,0,0,75,1,true
20,https://aliimperiale.com/blog/my-vr-adult-entertainment-experience.html,"My VR Adult Entertainment Experience (Pros, Cons & Surprises) | Ali Imperiale",text/html; charset=utf-8,false,200,0,0,77,1,true
20,https://aliimperiale.com/blog/making-money-with-sex-content.html,Making Money With Sex Related Content Online and Offline | Ali Imperiale,text/html; charset=utf-8,false,200,0,0,72,1,true
20,https://aliimperiale.com/blog/bellesa-whispertech-silent-vibrator-review.html,Silent Vibrators Are Finally Here?! — Bellesa WhisperTech Review | Ali Imperiale,text/html; charset=utf-8,false,200,0,0,80,1,true
20,https://aliimperiale.com/blog/butt-stuff-and-porn-myths.html,Butt Stuff And Why You Shouldn't Believe What You See In Porn | Ali Imperiale,text/html; charset=utf-8,false,200,0,0,77,1,true
20,https://aliimperiale.com/blog/lets-talk-about-feet.html,Let's Talk About Feet — The Most Popular Fetish in the World | Ali Imperiale,text/html; charset=utf-8,false,200,0,0,76,1,true
20,https://aliimperiale.com/blog/why-people-love-sex-stories-on-youtube.html,Why Are People So Interested in Sex Stories on YouTube? | Ali Imperiale,text/html; charset=utf-8,false,200,0,0,71,1,true
20,https://aliimperiale.com/blog/sexual-anxiety-in-men.html,Sexual Performance Anxiety: What She Actually Thinks When You Can't Get It Up | Ali Imperiale,text/html; charset=utf-8,false,200,0,0,93,1,true
20,https://aliimperiale.com/blog/sex-and-older-adults.html,Sex and Older Adults — What's It Like Having Sex In Your Later Years | Ali Imperiale,text/html; charset=utf-8,false,200,0,0,84,1,true
20,https://aliimperiale.com/blog/sexual-compatibility-quiz.html,Are You Sexually Compatible? Here's How to Actually Know | Ali Imperiale,text/html; charset=utf-8,false,200,0,0,72,1,true
20,https://aliimperiale.com/gen-z-sexual-behaviors-study-2026.html,Gen Z Sexual Behaviors and Attitudes 2026: A Comprehensive Study | Ali Imperiale,text/html; charset=utf-8,false,200,0,0,80,1,true
20,https://aliimperiale.com/blog/how-to-be-more-adventurous-in-bed.html,How to Be More Adventurous in Bed (When You're a Total Vanilla) | Ali Imperiale,text/html; charset=utf-8,false,200,0,0,79,1,true
20,https://aliimperiale.com/sexual-wellness-menstruation-guide.html,Comprehensive Guide to Sexual Wellness During Menstruation | Ali Imperiale,text/html; charset=utf-8,false,200,0,0,74,1,true
20,https://aliimperiale.com/blog/experimenting-sexually-doesnt-make-you-weird.html,Experimenting Sexually Doesn't Make You Weird or Confused | Ali Imperiale,text/html; charset=utf-8,false,200,0,0,73,1,true
20,https://aliimperiale.com/social-media-body-image-sexual-confidence-study-2026.html,2026 Study: Impact of Social Media on Body Image and Sexual Confidence | Ali Imperiale,text/html; charset=utf-8,false,200,0,0,86,1,true
20,https://aliimperiale.com/blog/sexting-flirting-sexual-tension.html,Sexting — My Favourite Way to Flirt and Increase Sexual Tension | Ali Imperiale,text/html; charset=utf-8,false,200,0,0,79,1,true
20,https://aliimperiale.com/blog/moaning-is-overrated.html,Moaning Is Overrated — Here's What You Should Actually Pay Attention To | Ali Imperiale,text/html; charset=utf-8,false,200,0,0,87,1,true
20,https://aliimperiale.com/blog/oral-sex-positions-that-wont-make-her-orgasm.html,5 Oral Sex Positions That Look Hot But Probably Won't Make Her Orgasm — Ali Imperiale,text/html; charset=utf-8,false,200,0,0,85,1,true
20,https://aliimperiale.com/blog/weed-sex-canals-thailand.html,"Weed, Sex, Canals — Things You Didn't Know About Thailand | Ali Imperiale",text/html; charset=utf-8,false,200,0,0,73,1,true
20,https://aliimperiale.com/long-distance-relationship-study.html,2026 Long-Distance Relationship Study: Success Rates & Statistics | Ali Imperiale,text/html; charset=utf-8,false,200,0,0,81,1,true
20,https://aliimperiale.com/blog/monogamish-swinging-polyamory-whats-the-difference.html,"Monogamish, Swinging, Polyamory — What's the Difference? | Ali Imperiale",text/html; charset=utf-8,false,200,0,0,72,1,true
20,https://aliimperiale.com/blog/sex-and-nudity-netherlands.html,Sex & Nudity in the Netherlands — Why Are the Dutch So Chill? | Ali Imperiale,text/html; charset=utf-8,false,200,0,0,77,1,true
20,https://aliimperiale.com/blog/are-orgasms-necessary.html,Are Orgasms Necessary? It's Not Always About The Destination | Ali Imperiale,text/html; charset=utf-8,false,200,0,0,76,1,true
20,https://aliimperiale.com/blog/emotional-cheating-vs-physical.html,Emotional Cheating vs Physical Cheating: Which Is Worse? | Ali Imperiale,text/html; charset=utf-8,false,200,0,0,72,1,true
20,https://aliimperiale.com/sexual-wellness-chronic-conditions-disabilities-guide.html,Sexual Wellness for People with Chronic Conditions & Disabilities Guide | Ali Imperiale,text/html; charset=utf-8,false,200,0,0,87,1,true
20,https://aliimperiale.com/blog/how-to-make-any-woman-squirt.html,How To Make Any Woman Squirt — You're Using The Wrong Technique | Ali Imperiale,text/html; charset=utf-8,false,200,0,0,79,1,true
20,https://aliimperiale.com/best-sex-education-resources.html,"Best Sex Education Resources: Websites, Books, Podcasts & More | Ali Imperiale",text/html; charset=utf-8,false,200,0,0,78,1,true
20,https://aliimperiale.com/sexual-frequency-relationship-satisfaction-study-2026.html,Sexual Frequency vs Relationship Satisfaction Analysis 2026 | Ali Imperiale,text/html; charset=utf-8,false,200,0,0,75,1,true
20,https://aliimperiale.com/blog/sex-doll-brothels.html,Sex Doll Brothels — What Are They and Why Do They Exist? | Ali Imperiale,text/html; charset=utf-8,false,200,0,0,72,1,true
